trade_area_code,trade_area_name,trade_area_type_code,trade_area_type_name,district_code,district_name,admin_dong_code,admin_dong_name,x_epsg5181,y_epsg5181,longitude,latitude,area_sqm,area_ha,name_changed_flag,source_base_date
3001491,이태원 관광특구,U,관광특구,11170,용산구,11170650,이태원1동,199498.0,448311.0,126.99432030199267,37.53429995432947,372565.0,37.2565,False,2023-06-01
3001492,명동 남대문 북창동 다동 무교동 관광특구,U,관광특구,11140,중구,11140520,소공동,198397.0,451614.0,126.98185622262774,37.56405868064742,983618.0,98.3618,False,2023-06-01
3001493,동대문패션타운 관광특구,U,관광특구,11140,중구,11140590,광희동,200996.0,451976.0,127.01127385554355,37.56732114231826,606058.0,60.6058,False,2023-06-01
3001494,종로·청계 관광특구,U,관광특구,11110,종로구,11110615,종로1·2·3·4가동,199796.0,452274.0,126.99769081415,37.57000662497793,653127.0,65.3127,False,2023-06-01
3001495,잠실 관광특구,U,관광특구,11710,송파구,11710562,방이2동,210188.0,446334.0,127.11524094253161,37.516431058061535,2462734.0,246.2734,False,2023-06-01
3001496,강남 마이스 관광특구,U,관광특구,11680,강남구,11680580,삼성1동,205282.0,445736.0,127.0597427672736,37.51108416428715,237892.0,23.7892,False,2023-06-01
3110001,이북5도청사,A,골목상권,11110,종로구,11110560,평창동,196262.0,456660.0,126.9576651932922,37.609516580668284,108529.0,10.8529,False,2023-06-01
3110002,독립문역 1번,A,골목상권,11110,종로구,11110570,무악동,196220.0,452912.0,126.95720886112555,37.5757472400256,31531.0,3.1531,False,2023-06-01
3110003,세검정초등학교,A,골목상권,11110,종로구,11110550,부암동,196389.0,455998.0,126.959106799874,37.60355253673708,191570.0,19.157,False,2023-06-01
3110004,대신고등학교,A,골목상권,11110,종로구,11110580,교남동,196517.0,452627.0,126.96057237511415,37.57318057648071,18781.0,1.8781,False,2023-06-01
3110005,세검정,A,골목상권,11110,종로구,11110550,부암동,196688.0,455706.0,126.96249418113771,37.60092276975379,244923.0,24.4923,False,2023-06-01
3110006,부암동주민센터,A,골목상권,11110,종로구,11110550,부암동,196701.0,454714.0,126.96264586419517,37.59198498395161,91486.0,9.1486,False,2023-06-01
3110007,사직공원(한국사회과학도서관),A,골목상권,11110,종로구,11110530,사직동,196895.0,452714.0,126.96485097296453,37.573965793418935,80252.0,8.0252,False,2023-06-01
3110008,배화여자대학교(박노수미술관),A,골목상권,11110,종로구,11110515,청운효자동,197093.0,453418.0,126.96708956830872,37.5803094385035,149264.0,14.9264,False,2023-06-01
3110009,자하문터널,A,골목상권,11110,종로구,11110550,부암동,196991.0,455057.0,126.9659280859095,37.59507637884133,178306.0,17.8306,False,2023-06-01
3110010,평창동서측,A,골목상권,11110,종로구,11110560,평창동,197064.0,456643.0,126.96674832970696,37.60936632129139,369415.0,36.9415,False,2023-06-01
3110011,청운초등학교,A,골목상권,11110,종로구,11110515,청운효자동,197219.0,454141.0,126.96851328295911,37.586824008455736,26913.0,2.6913,False,2023-06-01
3110012,성곡미술관,A,골목상권,11110,종로구,11110530,사직동,197292.0,452641.0,126.9693453365333,37.573309319796394,124348.0,12.4348,False,2023-06-01
3110013,체부동홍종문가옥,A,골목상권,11110,종로구,11110530,사직동,197340.0,453202.0,126.9698866629332,37.5783640382292,17064.0,1.7064,False,2023-06-01
3110014,경복고등학교,A,골목상권,11110,종로구,11110515,청운효자동,197484.0,453952.0,126.97151428391322,37.58512189415428,63411.0,6.3411,False,2023-06-01
3110015,청와대사랑채,A,골목상권,11110,종로구,11110515,청운효자동,197585.0,453623.0,126.97265887241481,37.582157896844976,69399.0,6.9399,False,2023-06-01
3110016,평창동동측,A,골목상권,11110,종로구,11110560,평창동,197827.0,457040.0,126.97538850723585,37.612945366179495,522818.0,52.2818,False,2023-06-01
3110017,정독도서관,A,골목상권,11110,종로구,11110600,가회동,198581.0,453781.0,126.98393465833041,37.583583539620065,83855.0,8.3855,False,2023-06-01
3110018,중앙고등학교,A,골목상권,11110,종로구,11110600,가회동,198883.0,453690.0,126.98735391827721,37.58276405146229,166872.0,16.6872,False,2023-06-01
3110019,창덕궁,A,골목상권,11110,종로구,11110615,종로1·2·3·4가동,199222.0,452926.0,126.99119270733487,37.5758808062164,40999.0,4.0999,False,2023-06-01
3110020,서울국제고등학교,A,골목상권,11110,종로구,11110650,혜화동,199598.0,454302.0,126.99544843338737,37.58827871852908,133692.0,13.3692,False,2023-06-01
3110021,성균관대학교,A,골목상권,11110,종로구,11110650,혜화동,199759.0,453776.0,126.99727149747922,37.58353955165204,77655.0,7.7655,False,2023-06-01
3110022,경신고등학교,A,골목상권,11110,종로구,11110650,혜화동,199921.0,454166.0,126.99910555256606,37.58705345280231,60182.0,6.0182,False,2023-06-01
3110023,서울대병원,A,골목상권,11110,종로구,11110640,이화동,200139.0,453265.0,127.00157360371887,37.578935494894374,15969.0,1.5969,False,2023-06-01
3110024,혜화동주민센터,A,골목상권,11110,종로구,11110650,혜화동,200121.0,454192.0,127.00136998074275,37.58728770636678,52850.0,5.285,False,2023-06-01
3110025,충신시장옆,A,골목상권,11110,종로구,11110630,종로5·6가동,200370.0,452813.0,127.00418850120057,37.57486293655659,39184.0,3.9184,False,2023-06-01
3110026,종로5가역 4번,A,골목상권,11110,종로구,11110630,종로5·6가동,200477.0,452601.0,127.00539963254758,37.57295277835452,16485.0,1.6485,False,2023-06-01
3110027,혜화역 1번,A,골목상권,11110,종로구,11110640,이화동,200507.0,453618.0,127.00573993541379,37.58211587397216,117673.0,11.7673,False,2023-06-01
3110028,이화달팽이길,A,골목상권,11110,종로구,11110640,이화동,200575.0,452995.0,127.00650929999593,37.576502641478505,159124.0,15.9124,False,2023-06-01
3110029,동대문역 1번,A,골목상권,11110,종로구,11110680,창신2동,200934.0,452953.0,127.01057331374028,37.576123929764606,153230.0,15.323,False,2023-06-01
3110030,동대문역 3번,A,골목상권,11110,종로구,11110670,창신1동,201063.0,452656.0,127.01203322302791,37.57344783577497,9161.0,0.9161,False,2023-06-01
3110031,창신역 1번,A,골목상권,11110,종로구,11110690,창신3동,201298.0,453314.0,127.01469460184784,37.57937607784996,32878.0,3.2878,False,2023-06-01
3110032,수족관거리,A,골목상권,11110,종로구,11110670,창신1동,201321.0,452326.0,127.01495320377124,37.57047421816161,9323.0,0.9323,False,2023-06-01
3110033,창신역 4번,A,골목상권,11110,종로구,11110700,숭인1동,201471.0,453118.0,127.01665273399281,37.57760986940406,77869.0,7.7869,False,2023-06-01
3110034,창신1동주민센터,A,골목상권,11110,종로구,11110670,창신1동,201508.0,452344.0,127.0170700076268,37.57063611022433,29604.0,2.9604,False,2023-06-01
3110035,동묘앞역 2번,A,골목상권,11110,종로구,11110710,숭인2동,201699.0,452879.0,127.01923329716888,37.57545610053593,95779.0,9.5779,False,2023-06-01
3110036,동묘앞역 3번,A,골목상권,11110,종로구,11110710,숭인2동,201783.0,452612.0,127.0201835583579,37.573050285899114,18431.0,1.8431,False,2023-06-01
3110037,신설동역 12번,A,골목상권,11110,종로구,11110710,숭인2동,201949.0,453159.0,127.02206413216844,37.577978389630765,55232.0,5.5232,False,2023-06-01
3110038,경향신문사,A,골목상권,11140,중구,11140520,소공동,197253.0,451928.0,126.96890652578763,37.56688510805052,36893.0,3.6893,False,2023-06-01
3110039,회현역 1번,A,골목상권,11140,중구,11140540,회현동,198305.0,450967.0,126.98081640265389,37.558229067228474,9928.0,0.9928,False,2023-06-01
3110040,중구회현체육센터(정화예술대남산캠퍼스),A,골목상권,11140,중구,11140540,회현동,198420.0,450734.0,126.98211844625746,37.55612994773187,76242.0,7.6242,False,2023-06-01
3110041,남산케이블카,A,골목상권,11140,중구,11140550,명동,198659.0,450764.0,126.98482325928376,37.55640062563859,130560.0,13.056,False,2023-06-01
3110042,남산골공원옆,A,골목상권,11140,중구,11140570,필동,199565.0,450784.0,126.99507688426245,37.556581697896505,72607.0,7.2607,False,2023-06-01
3110043,충무초등학교,A,골목상권,11140,중구,11140580,장충동,200090.0,451226.0,127.00101862988308,37.56056420361856,110058.0,11.0058,False,2023-06-01
3110044,관성묘,A,골목상권,11140,중구,11140580,장충동,200294.0,451298.0,127.00332755313305,37.561212878826495,29575.0,2.9575,False,2023-06-01
3110045,동대문역사문화공원역 5번,A,골목상권,11140,중구,11140580,장충동,200434.0,451428.0,127.0049121791401,37.56238411920639,44820.0,4.482,False,2023-06-01
3110046,버티고개,A,골목상권,11140,중구,11140625,다산동,200514.0,450225.0,127.0058168073455,37.55154507923656,58013.0,5.8013,False,2023-06-01
3110047,다산성곽길,A,골목상권,11140,중구,11140625,다산동,200639.0,450609.0,127.00723173486928,37.55500483328262,85386.0,8.5386,False,2023-06-01
3110048,장충동주민센터,A,골목상권,11140,중구,11140580,장충동,200749.0,451274.0,127.00847731320728,37.56099638215038,135606.0,13.5606,False,2023-06-01
3110049,장충단 고개,A,골목상권,11140,중구,11140625,다산동,200898.0,450889.0,127.01016325011477,37.55752741038732,70693.0,7.0693,False,2023-06-01
3110050,약수역 7번,A,골목상권,11140,중구,11140635,약수동,200868.0,450316.0,127.00982304292714,37.55236472225405,34553.0,3.4553,False,2023-06-01
3110051,한양공고앞 교차로,A,골목상권,11140,중구,11140615,신당동,200997.0,451576.0,127.01128463101037,37.563717156889226,44893.0,4.4893,False,2023-06-01
3110052,장충초등학교,A,골목상권,11140,중구,11140625,다산동,201128.0,451117.0,127.01276666015387,37.55958143112332,68893.0,6.8893,False,2023-06-01
3110053,청구역 1번,A,골목상권,11140,중구,11140615,신당동,201118.0,451376.0,127.01265387519814,37.56191502505106,85550.0,8.555,False,2023-06-01
3110054,청구역 3번,A,골목상권,11140,중구,11140645,청구동,201174.0,450806.0,127.01328678879123,37.55677927237919,69155.0,6.9155,False,2023-06-01
3110055,황학동벼룩시장,A,골목상권,11140,중구,11140670,황학동,201642.0,452260.0,127.01858665039836,37.56987904507901,27575.0,2.7575,False,2023-06-01
3110056,신당역 3번,A,골목상권,11140,중구,11140650,신당5동,201855.0,451480.0,127.02099573525918,37.5628508727344,129607.0,12.9607,False,2023-06-01
3110057,황학코아루아파트,A,골목상권,11140,중구,11140670,황학동,202013.0,451863.0,127.02278510211978,37.5663013565286,30230.0,3.023,False,2023-06-01
3110058,성심여자고등학교,A,골목상권,11170,용산구,11170570,원효로2동,195949.0,448136.0,126.95416739258832,37.53271444551563,135620.0,13.562,False,2023-06-01
3110059,새남터성지,A,골목상권,11170,용산구,11170640,이촌2동,196084.0,447363.0,126.95569888787635,37.5257502876936,56970.0,5.697,False,2023-06-01
3110060,효창공원앞역 6번,A,골목상권,11170,용산구,11170590,용문동,196339.0,448750.0,126.95857675248662,37.53824821835743,94719.0,9.4719,False,2023-06-01
3110061,효창동주민센터,A,골목상권,11170,용산구,11170580,효창동,196409.0,449179.0,126.95936668628877,37.54211378246759,100249.0,10.0249,False,2023-06-01
3110062,한강로동땡땡거리(은행나무길),A,골목상권,11170,용산구,11170625,한강로동,196643.0,447278.0,126.96202315666436,37.52498663873706,132684.0,13.2684,False,2023-06-01
3110063,효창공원앞역 5번,A,골목상권,11170,용산구,11170590,용문동,196702.0,448664.0,126.96268438684376,37.5374747275219,110329.0,11.0329,False,2023-06-01
3110064,효창공원앞역 2번,A,골목상권,11170,용산구,11170580,효창동,196816.0,449203.0,126.96397191654074,37.542331517221776,131550.0,13.155,False,2023-06-01
3110065,남정초등학교,A,골목상권,11170,용산구,11170560,원효로1동,196844.0,448550.0,126.96429155222094,37.53644808394254,18065.0,1.8065,False,2023-06-01
3110066,서울역 15번,A,골목상권,11170,용산구,11170555,청파동,197079.0,450403.0,126.96694307959055,37.553144371768866,133737.0,13.3737,False,2023-06-01
3110067,배문고등학교,A,골목상권,11170,용산구,11170555,청파동,197116.0,449954.0,126.96736357210594,37.54909900651517,204936.0,20.4936,False,2023-06-01
3110068,남영역 1번,A,골목상권,11170,용산구,11170560,원효로1동,197107.0,449013.0,126.96726543215068,37.54062057662512,145312.0,14.5312,False,2023-06-01
3110069,숙대입구,A,골목상권,11170,용산구,11170555,청파동,197161.0,449524.0,126.96787447165265,37.545224851452545,173542.0,17.3542,False,2023-06-01
3110070,용산세무서,A,골목상권,11170,용산구,11170625,한강로동,197188.0,447141.0,126.96818911909415,37.52375408721151,8437.0,0.8437,False,2023-06-01
3110071,한강미주맨션아파트,A,골목상권,11170,용산구,11170630,이촌1동,197152.0,446831.0,126.9677830685003,37.520960868871796,27783.0,2.7783,False,2023-06-01
3110072,열정도,A,골목상권,11170,용산구,11170560,원효로1동,197247.0,448836.0,126.96885020857856,37.53902623529533,18090.0,1.809,False,2023-06-01
3110073,삼각지역 3번,A,골목상권,11170,용산구,11170625,한강로동,197578.0,447973.0,126.97259826981185,37.53125152821956,41421.0,4.1421,False,2023-06-01
3110074,서울역 12번,A,골목상권,11170,용산구,11170530,남영동,197716.0,450166.0,126.97415273729463,37.55101080452843,105922.0,10.5922,False,2023-06-01
3110075,숙대입구역 1번,A,골목상권,11170,용산구,11170530,남영동,197679.0,449714.0,126.97373544974023,37.54693819872475,128905.0,12.8905,False,2023-06-01
3110076,삼각지역 14번,A,골목상권,11170,용산구,11170625,한강로동,197737.0,448386.0,126.97439587249715,37.53497306591439,8989.0,0.8989,False,2023-06-01
3110077,삼광초등학교,A,골목상권,11170,용산구,11170510,후암동,197919.0,449884.0,126.97645081947955,37.548470469452106,45797.0,4.5797,False,2023-06-01
3110078,이촌동점보아파트,A,골목상권,11170,용산구,11170630,이촌1동,198068.0,446532.0,126.97814575970814,37.51826924161507,14864.0,1.4864,False,2023-06-01
3110079,후암동주민센터,A,골목상권,11170,용산구,11170510,후암동,198162.0,450065.0,126.97920022239717,37.5501017931837,293041.0,29.3041,False,2023-06-01
3110080,해방촌예술마을,A,골목상권,11170,용산구,11170510,후암동,198518.0,449757.0,126.9832295277694,37.54732735831848,134562.0,13.4562,False,2023-06-01
3110081,해방촌 남동측,A,골목상권,11170,용산구,11170520,용산2가동,198634.0,449401.0,126.98454285856133,37.5441199806578,105010.0,10.501,False,2023-06-01
3110082,용산구청,A,골목상권,11170,용산구,11170650,이태원1동,199212.0,448107.0,126.99108467693512,37.532461712312646,71140.0,7.114,False,2023-06-01
3110083,서빙고역 1번,A,골목상권,11170,용산구,11170690,서빙고동,199271.0,446786.0,126.99175350506796,37.520559523574995,58652.0,5.8652,False,2023-06-01
3110084,경리단길북측,A,골목상권,11170,용산구,11170660,이태원2동,199236.0,449136.0,126.99135513938977,37.54173302704809,225725.0,22.5725,False,2023-06-01
3110085,경리단길남측,A,골목상권,11170,용산구,11170660,이태원2동,199260.0,448806.0,126.99162703817964,37.53875974674496,181830.0,18.183,False,2023-06-01
3110086,이태원역 북측,A,골목상권,11170,용산구,11170650,이태원1동,199383.0,448588.0,126.99301894331592,37.536795656476436,133757.0,13.3757,False,2023-06-01
3110087,이태원엔틱가구거리,A,골목상권,11170,용산구,11170650,이태원1동,199502.0,448055.0,126.99436573207076,37.53199339380345,52542.0,5.2542,False,2023-06-01
3110088,오산고등학교,A,골목상권,11170,용산구,11170690,서빙고동,199685.0,447296.0,126.99643648116177,37.52515487111624,96560.0,9.656,False,2023-06-01
3110089,서빙고동주민센터,A,골목상권,11170,용산구,11170690,서빙고동,199668.0,446947.0,126.99624432190274,37.52201036637078,105979.0,10.5979,False,2023-06-01
3110090,한국폴리텍대학서울정수캠퍼스,A,골목상권,11170,용산구,11170700,보광동,199734.0,447571.0,126.99699070678436,37.527632642283486,97059.0,9.7059,False,2023-06-01
3110091,리움미술관,A,골목상권,11170,용산구,11170685,한남동,199856.0,448602.0,126.9983707068735,37.5369219916481,55141.0,5.5141,False,2023-06-01
3110092,NH농협은행 보광동지점,A,골목상권,11170,용산구,11170700,보광동,199990.0,447728.0,126.99988686653968,37.529047253381385,105153.0,10.5153,False,2023-06-01
3110093,우사단길,A,골목상권,11170,용산구,11170685,한남동,200024.0,448092.0,127.00027153219374,37.532326898339115,234768.0,23.4768,False,2023-06-01
3110094,오산중학교,A,골목상권,11170,용산구,11170700,보광동,200102.0,447300.0,127.00115390189413,37.52519095933031,21603.0,2.1603,False,2023-06-01
3110095,한강진역 3번,A,골목상권,11170,용산구,11170685,한남동,200198.0,448658.0,127.00224029314316,37.53742654188432,149192.0,14.9192,False,2023-06-01
3110096,한남힐사이드아파트,A,골목상권,11170,용산구,11170685,한남동,200260.0,449313.0,127.00294203094971,37.54332807616182,50068.0,5.0068,False,2023-06-01
3110097,한남초등학교,A,골목상권,11170,용산구,11170685,한남동,200536.0,448696.0,127.00606465965808,37.537768787550284,7814.0,0.7814,False,2023-06-01
3110098,서울독일학교,A,골목상권,11170,용산구,11170685,한남동,200952.0,448510.0,127.01077131857869,37.53609259116195,41414.0,4.1414,False,2023-06-01
3110099,유엔빌리지길,A,골목상권,11170,용산구,11170685,한남동,201076.0,448324.0,127.01217403299697,37.53441659353365,263187.0,26.3187,False,2023-06-01
3110100,옥수동우편취급국,A,골목상권,11200,성동구,11200645,옥수동,200870.0,449042.0,127.00984416707493,37.54088599334358,26060.0,2.606,False,2023-06-01
3110101,옥정중학교,A,골목상권,11200,성동구,11200645,옥수동,201109.0,449012.0,127.01254843888397,37.54061543697716,23818.0,2.3818,False,2023-06-01
3110102,옥수역 6번,A,골목상권,11200,성동구,11200645,옥수동,201423.0,449294.0,127.01610192459859,37.54315582509252,34682.0,3.4682,False,2023-06-01
3110103,옥수터널,A,골목상권,11200,성동구,11200620,금호4가동,201450.0,449586.0,127.01640801908283,37.54578670095676,19057.0,1.9057,False,2023-06-01
3110104,신금호역 4번,A,골목상권,11200,성동구,11200615,금호2·3가동,201782.0,450233.0,127.02016645992707,37.55161558024484,66838.0,6.6838,False,2023-06-01
3110105,금동어린이공원,A,골목상권,11200,성동구,11200615,금호2·3가동,202076.0,449956.0,127.02349280272013,37.549119199705515,69009.0,6.9009,False,2023-06-01
3110106,금북초등학교,A,골목상권,11200,성동구,11200590,금호1가동,202140.0,450763.0,127.02421940373989,37.55639010706067,21366.0,2.1366,False,2023-06-01
3110107,금호사거리,A,골목상권,11200,성동구,11200620,금호4가동,202203.0,449734.0,127.0249293165797,37.54711868794959,22191.0,2.2191,False,2023-06-01
3110108,성동구립금호도서관,A,골목상권,11200,성동구,11200590,금호1가동,202208.0,450534.0,127.02498830324598,37.55432666224857,11778.0,1.1778,False,2023-06-01
3110109,금호삼성래미안아파트,A,골목상권,11200,성동구,11200590,금호1가동,202316.0,450083.0,127.02620913408619,37.55026289612373,29788.0,2.9788,False,2023-06-01
3110110,상왕십리역 6번,A,골목상권,11200,성동구,11200520,왕십리2동,202454.0,451618.0,127.02777595118329,37.56409284732139,51942.0,5.1942,False,2023-06-01
3110111,대현산장미원,A,골목상권,11200,성동구,11200580,응봉동,202636.0,450338.0,127.02983134596828,37.55255958205312,19485.0,1.9485,False,2023-06-01
3110112,행당역 2번,A,골목상권,11200,성동구,11200560,행당1동,202776.0,451078.0,127.03141851074184,37.559226552205814,68591.0,6.8591,False,2023-06-01
3110113,응봉산,A,골목상권,11200,성동구,11200580,응봉동,202786.0,449918.0,127.0315272866025,37.5487749483678,89115.0,8.9115,False,2023-06-01
3110114,왕십리파출소,A,골목상권,11200,성동구,11200535,왕십리도선동,202776.0,451985.0,127.03142194280791,37.56739858870287,27058.0,2.7058,False,2023-06-01
3110115,상왕십리역 3번,A,골목상권,11200,성동구,11200535,왕십리도선동,202799.0,451762.0,127.0316814321283,37.565389298419014,80878.0,8.0878,False,2023-06-01
3110116,청계천박물관,A,골목상권,11200,성동구,11200540,마장동,203093.0,452318.0,127.03501151510882,37.57039789391773,98083.0,9.8083,False,2023-06-01
3110117,성동구보건소,A,골목상권,11200,성동구,11200540,마장동,203124.0,451949.0,127.03536085082365,37.56707311615439,49735.0,4.9735,False,2023-06-01
3110118,왕십리역 9번,A,골목상권,11200,성동구,11200560,행당1동,203170.0,450924.0,127.0358771001951,37.55783774599531,63575.0,6.3575,False,2023-06-01
3110119,마장지하차도,A,골목상권,11200,성동구,11200540,마장동,203308.0,451914.0,127.03744340594402,37.56675712548336,22524.0,2.2524,False,2023-06-01
3110120,서울숲카페거리,A,골목상권,11200,성동구,11200660,성수1가2동,203629.0,449746.0,127.04106609796348,37.547222298412784,34852.0,3.4852,False,2023-06-01
3110121,한양대역 4번,A,골목상권,11200,성동구,11200550,사근동,203699.0,450806.0,127.04186356587276,37.55677259835134,29267.0,2.9267,False,2023-06-01
3110122,마장역 2번,A,골목상권,11200,성동구,11200540,마장동,203900.0,452033.0,127.04414491255066,37.56782699482611,80335.0,8.0335,False,2023-06-01
3110123,마장역 3번,A,골목상권,11200,성동구,11200540,마장동,203977.0,451906.0,127.04501580274007,37.56668240134502,169553.0,16.9553,False,2023-06-01
3110124,뚝섬역교차로,A,골목상권,11200,성동구,11200660,성수1가2동,204001.0,450061.0,127.04527739974375,37.55005890435173,79596.0,7.9596,False,2023-06-01
3110125,사근동살곶이상점가,A,골목상권,11200,성동구,11200550,사근동,204116.0,451277.0,127.04658561903611,37.56101452572639,128923.0,12.8923,False,2023-06-01
3110126,서울숲역 1번,A,골목상권,11200,성동구,11200650,성수1가1동,204113.0,449554.0,127.04654200941063,37.545490349041,18531.0,1.8531,False,2023-06-01
3110127,성수1가1동주민센터,A,골목상권,11200,성동구,11200650,성수1가1동,204367.0,449119.0,127.049413642436,37.5415698349733,38774.0,3.8774,False,2023-06-01
3110128,성원중학교,A,골목상권,11200,성동구,11200650,성수1가1동,204412.0,448741.0,127.04992055728613,37.538163841994624,247340.0,24.734,False,2023-06-01
3110129,성원어린이공원,A,골목상권,11200,성동구,11200660,성수1가2동,204438.0,450088.0,127.05022288091041,37.550300173987765,70693.0,7.0693,False,2023-06-01
3110130,답십리역 6번,A,골목상권,11200,성동구,11200790,용답동,204631.0,451780.0,127.05241765359246,37.5655440921721,43065.0,4.3065,False,2023-06-01
3110131,성수동카페거리,A,골목상권,11200,성동구,11200670,성수2가1동,204716.0,449234.0,127.05336339732499,37.54260426567203,131865.0,13.1865,False,2023-06-01
3110132,성수2가3동주민센터,A,골목상권,11200,성동구,11200690,성수2가3동,204767.0,449989.0,127.05394538390813,37.549406543581526,76450.0,7.645,False,2023-06-01
3110133,서울교통공사,A,골목상권,11200,성동구,11200790,용답동,205004.0,451461.0,127.05663741161985,37.56266796534937,80187.0,8.0187,False,2023-06-01
3110134,성수119안전센터,A,골목상권,11200,성동구,11200670,성수2가1동,205062.0,448509.0,127.05727352526404,37.53607018399556,222826.0,22.2826,False,2023-06-01
3110135,성동세무서,A,골목상권,11200,성동구,11200720,송정동,205254.0,449984.0,127.05945644306973,37.54935884727842,136762.0,13.6762,False,2023-06-01
3110136,경수초등학교,A,골목상권,11200,성동구,11200670,성수2가1동,205299.0,449009.0,127.05995864535383,37.54057385191163,260628.0,26.0628,False,2023-06-01
3110137,성수초등학교,A,골목상권,11200,성동구,11200690,성수2가3동,205519.0,449630.0,127.06245263029966,37.546167765259085,330983.0,33.0983,False,2023-06-01
3110138,송정체육공원,A,골목상권,11200,성동구,11200720,송정동,205936.0,450143.0,127.06717551903384,37.55078729548859,102074.0,10.2074,False,2023-06-01
3110139,자양4동주민센터,A,골목상권,11215,광진구,11215847,자양4동,205610.0,448404.0,127.06347301482711,37.53512096404769,155861.0,15.5861,False,2023-06-01
3110140,건대입구역 6번,A,골목상권,11215,광진구,11215847,자양4동,205807.0,448790.0,127.0657049747042,37.53859760462223,179746.0,17.9746,False,2023-06-01
3110141,건대입구역 1번,A,골목상권,11215,광진구,11215710,화양동,205871.0,449295.0,127.06643315762553,37.543147245793676,67458.0,6.7458,False,2023-06-01
3110142,화양사거리,A,골목상권,11215,광진구,11215710,화양동,206028.0,449645.0,127.06821255940103,37.546299728244236,116892.0,11.6892,False,2023-06-01
3110143,뚝섬유원지역 1번,A,골목상권,11215,광진구,11215840,자양3동,206062.0,448266.0,127.06858591973429,37.533874724358945,8061.0,0.8061,False,2023-06-01
3110144,어린이대공원역 4번,A,골목상권,11215,광진구,11215710,화양동,206355.0,449631.0,127.07191275197133,37.54617139294096,42830.0,4.283,False,2023-06-01
3110145,장안초등학교,A,골목상권,11215,광진구,11215730,군자동,206431.0,449938.0,127.07277545132352,37.54893693030049,14956.0,1.4956,False,2023-06-01
3110146,신자초등학교,A,골목상권,11215,광진구,11215840,자양3동,206474.0,448005.0,127.07324501528635,37.531520314177904,106885.0,10.6885,False,2023-06-01
3110147,능동우편취급국,A,골목상권,11215,광진구,11215730,군자동,206519.0,450742.0,127.07377843003775,37.556180330941395,157029.0,15.7029,False,2023-06-01
3110148,어린이대공원역 3번,A,골목상권,11215,광진구,11215710,화양동,206673.0,449538.0,127.07551037056568,37.54533121817107,45757.0,4.5757,False,2023-06-01
3110149,세종대학교,A,골목상권,11215,광진구,11215730,군자동,206730.0,450336.0,127.07616268636039,37.55252076675603,45957.0,4.5957,False,2023-06-01
3110150,중곡1동 마을마당,A,골목상권,11215,광진구,11215740,중곡1동,206780.0,451324.0,127.07673765859764,37.56142224684005,159510.0,15.951,False,2023-06-01
3110151,자양한강도서관,A,골목상권,11215,광진구,11215830,자양2동,206813.0,447963.0,127.07707997341772,37.53113945298765,107574.0,10.7574,False,2023-06-01
3110152,중곡어린이공원,A,골목상권,11215,광진구,11215740,중곡1동,206897.0,451708.0,127.07806550149193,37.56488120193345,50806.0,5.0806,False,2023-06-01
3110153,중곡1동주민센터,A,골목상권,11215,광진구,11215740,중곡1동,207018.0,451220.0,127.07943040230946,37.560483429527544,50068.0,5.0068,False,2023-06-01
3110154,광진정말공원,A,골목상권,11215,광진구,11215820,자양1동,206980.0,448178.0,127.07897139566239,37.53307535549499,102102.0,10.2102,False,2023-06-01
3110155,광진구청,A,골목상권,11215,광진구,11215820,자양1동,207007.0,448746.0,127.07928228984206,37.53819282975624,97314.0,9.7314,False,2023-06-01
3110156,군자역 5번,A,골목상권,11215,광진구,11215780,능동,207110.0,450472.0,127.08046441912323,37.553743270601586,153696.0,15.3696,False,2023-06-01
3110157,자양동우체국,A,골목상권,11215,광진구,11215830,자양2동,207135.0,447836.0,127.08072173589993,37.52999274840821,115158.0,11.5158,False,2023-06-01
3110158,중곡3동주민센터,A,골목상권,11215,광진구,11215760,중곡3동,207154.0,452135.0,127.08097858538001,37.568726491326984,166799.0,16.6799,False,2023-06-01
3110159,구의역 4번,A,골목상권,11215,광진구,11215820,자양1동,207146.0,448388.0,127.08085155285136,37.534966184713426,210895.0,21.0895,False,2023-06-01
3110160,광진경찰서,A,골목상권,11215,광진구,11215850,구의1동,207370.0,449364.0,127.08339573336094,37.54375817408906,47848.0,4.7848,False,2023-06-01
3110161,중곡역 3번,A,골목상권,11215,광진구,11215760,중곡3동,207394.0,452066.0,127.08369452966234,37.568102910327454,141901.0,14.1901,False,2023-06-01
3110162,군자역 4번,A,골목상권,11215,광진구,11215750,중곡2동,207315.0,450952.0,127.08278920214407,37.55806645062897,70945.0,7.0945,False,2023-06-01
3110163,성자초등학교,A,골목상권,11215,광진구,11215830,자양2동,207457.0,447914.0,127.0843654670056,37.53069298265789,66483.0,6.6483,False,2023-06-01
3110164,아차산역 5번,A,골목상권,11215,광진구,11215780,능동,207531.0,450418.0,127.08522834987431,37.5532533892577,85050.0,8.505,False,2023-06-01
3110165,국립정신건강센터,A,골목상권,11215,광진구,11215750,중곡2동,207575.0,451405.0,127.08573648594643,37.56214586215812,95687.0,9.5687,False,2023-06-01
3110166,구의1동주민센터,A,골목상권,11215,광진구,11215850,구의1동,207558.0,449057.0,127.08551989838494,37.54099058671625,131620.0,13.162,False,2023-06-01
3110167,용마초등학교,A,골목상권,11215,광진구,11215750,중곡2동,207600.0,450940.0,127.08601462792438,37.55795602529862,154354.0,15.4354,False,2023-06-01
3110168,대원고등학교,A,골목상권,11215,광진구,11215770,중곡4동,207751.0,451529.0,127.08772982314738,37.56326163317511,58514.0,5.8514,False,2023-06-01
3110169,성동초등학교,A,골목상권,11215,광진구,11215830,자양2동,207787.0,448123.0,127.0881011638726,37.53257334705314,75500.0,7.55,False,2023-06-01
3110170,동대부여고,A,골목상권,11215,광진구,11215850,구의1동,207834.0,449143.0,127.08864379358782,37.541763142643745,120727.0,12.0727,False,2023-06-01
3110171,중곡4동주민센터,A,골목상권,11215,광진구,11215770,중곡4동,207882.0,451145.0,127.08920842188112,37.559800698917336,47879.0,4.7879,False,2023-06-01
3110172,광진초등학교,A,골목상권,11215,광진구,11215860,구의2동,207912.0,449734.0,127.08953275126288,37.54708737634879,95499.0,9.5499,False,2023-06-01
3110173,구남초등학교,A,골목상권,11215,광진구,11215870,구의3동,208034.0,448444.0,127.09089919867625,37.53546343857491,49267.0,4.9267,False,2023-06-01
3110174,아차산역 1번,A,골목상권,11215,광진구,11215770,중곡4동,208044.0,450658.0,127.0910365963176,37.55541144796243,103458.0,10.3458,False,2023-06-01
3110175,푸른동산공원,A,골목상권,11215,광진구,11215870,구의3동,208057.0,449077.0,127.0911663709491,37.54116656243152,96115.0,9.6115,False,2023-06-01
3110176,해오름공원,A,골목상권,11215,광진구,11215770,중곡4동,208142.0,450925.0,127.09214865556365,37.557816247731324,135318.0,13.5318,False,2023-06-01
3110177,동의초등학교,A,골목상권,11215,광진구,11215860,구의2동,208409.0,450329.0,127.09516364702081,37.552443911826465,29079.0,2.9079,False,2023-06-01
3110178,장로회신학대학교,A,골목상권,11215,광진구,11215810,광장동,209139.0,449838.0,127.1034188452259,37.54801306944214,45933.0,4.5933,False,2023-06-01
3110179,광나루역 1번,A,골목상권,11215,광진구,11215810,광장동,209122.0,449629.0,127.10322387327078,37.54613015308173,42085.0,4.2085,False,2023-06-01
3110180,광진정보도서관,A,골목상권,11215,광진구,11215810,광장동,209612.0,449948.0,127.10877284422443,37.54899935696289,74699.0,7.4699,False,2023-06-01
3110181,신설동역 9번,A,골목상권,11230,동대문구,11230536,용신동,202420.0,452524.0,127.0273941066948,37.57225595732136,141747.0,14.1747,False,2023-06-01
3110182,용두희망어린이공원,A,골목상권,11230,동대문구,11230536,용신동,202420.0,453440.0,127.02739713026666,37.580509065466295,59118.0,5.9118,False,2023-06-01
3110183,한국의류시험연구원,A,골목상권,11230,동대문구,11230536,용신동,202502.0,453159.0,127.02832450357626,37.577977053517074,43441.0,4.3441,False,2023-06-01
3110184,용두사거리,A,골목상권,11230,동대문구,11230536,용신동,202616.0,453006.0,127.02961452237638,37.57659821570402,24379.0,2.4379,False,2023-06-01
3110185,용두초등학교,A,골목상권,11230,동대문구,11230536,용신동,202597.0,452773.0,127.02939860690255,37.574498952396006,28847.0,2.8847,False,2023-06-01
3110186,종암초등학교,A,골목상권,11230,동대문구,11230545,제기동,202689.0,453592.0,127.030443071012,37.58187782962078,22890.0,2.289,False,2023-06-01
3110187,제기동역 6번,A,골목상권,11230,동대문구,11230536,용신동,202876.0,452949.0,127.03255763774027,37.57608387387763,159981.0,15.9981,False,2023-06-01
3110188,용두동신동아아파트,A,골목상권,11230,동대문구,11230536,용신동,202873.0,452509.0,127.03252195232497,37.57211950679807,152517.0,15.2517,False,2023-06-01
3110189,제기동역 1번,A,골목상권,11230,동대문구,11230545,제기동,202945.0,453360.0,127.03334040032203,37.57978674141943,88499.0,8.8499,False,2023-06-01
3110190,고대앞사거리,A,골목상권,11230,동대문구,11230545,제기동,203021.0,453940.0,127.0342031882683,37.58501225676881,101416.0,10.1416,False,2023-06-01
3110191,고려대역 6번,A,골목상권,11230,동대문구,11230545,제기동,203181.0,454240.0,127.03601597985498,37.58771469618517,79173.0,7.9173,False,2023-06-01
3110192,동의보감타워,A,골목상권,11230,동대문구,11230536,용신동,203304.0,453083.0,127.03740339685281,37.57728977041107,33231.0,3.3231,False,2023-06-01
3110193,고려대역 4번,A,골목상권,11230,동대문구,11230545,제기동,203326.0,454482.0,127.03765879988204,37.58989458531963,67780.0,6.778,False,2023-06-01
3110194,홍파초등학교,A,골목상권,11230,동대문구,11230545,제기동,203549.0,453894.0,127.04018087997784,37.58459591650317,87946.0,8.7946,False,2023-06-01
3110195,동대문구청,A,골목상권,11230,동대문구,11230536,용신동,203596.0,452957.0,127.04070840517565,37.57615342410757,115383.0,11.5383,False,2023-06-01
3110196,홍릉근린공원,A,골목상권,11230,동대문구,11230705,청량리동,203626.0,454245.0,127.04105439111038,37.58775810095179,37314.0,3.7314,False,2023-06-01
3110197,세종대왕기념관교차로,A,골목상권,11230,동대문구,11230705,청량리동,203649.0,454572.0,127.04131643081583,37.590704254720286,24771.0,2.4771,False,2023-06-01
3110198,동대문중앙새마을금고본점,A,골목상권,11230,동대문구,11230545,제기동,203744.0,453658.0,127.04238741447585,37.58246880062958,16140.0,1.614,False,2023-06-01
3110199,홍릉시장,A,골목상권,11230,동대문구,11230545,제기동,203766.0,453910.0,127.04263778068562,37.58473921350883,69877.0,6.9877,False,2023-06-01
3110200,동대문경찰서,A,골목상권,11230,동대문구,11230705,청량리동,203921.0,453959.0,127.0443929165232,37.58518005308357,35357.0,3.5357,False,2023-06-01
3110201,전농119안전센터,A,골목상권,11230,동대문구,11230560,전농1동,204076.0,452936.0,127.04614211184631,37.57596221646731,24149.0,2.4149,False,2023-06-01
3110202,전농1동주민센터(전농시장),A,골목상권,11230,동대문구,11230560,전농1동,204193.0,453064.0,127.04746733493141,37.57711496379452,29821.0,2.9821,False,2023-06-01
3110203,떡전교사거리,A,골목상권,11230,동대문구,11230705,청량리동,204277.0,453931.0,127.04842332523867,37.58492619046092,46180.0,4.618,False,2023-06-01
3110204,간데메공원,A,골목상권,11230,동대문구,11230600,답십리1동,204495.0,452665.0,127.05088371301237,37.573518572530716,122554.0,12.2554,False,2023-06-01
3110205,경희대삼거리,A,골목상권,11230,동대문구,11230710,회기동,204533.0,454605.0,127.0513258738916,37.59099765404327,88816.0,8.8816,False,2023-06-01
3110206,텃골근린공원,A,골목상권,11230,동대문구,11230560,전농1동,204578.0,453280.0,127.05182711868248,37.579059277451364,100623.0,10.0623,False,2023-06-01
3110207,시립대앞사거리,A,골목상권,11230,동대문구,11230560,전농1동,204615.0,453829.0,127.05224944885295,37.58400554590638,29327.0,2.9327,False,2023-06-01
3110208,시조사삼거리,A,골목상권,11230,동대문구,11230710,회기동,204642.0,454283.0,127.05255800941244,37.588095916529234,42223.0,4.2223,False,2023-06-01
3110209,답십리 장령당공원,A,골목상권,11230,동대문구,11230600,답십리1동,204595.0,452273.0,127.05201326325212,37.56998617964922,27972.0,2.7972,False,2023-06-01
3110210,서울시립대,A,골목상권,11230,동대문구,11230560,전농1동,204784.0,454008.0,127.05416397669777,37.58561746049865,110970.0,11.097,False,2023-06-01
3110211,전곡마을마당공원,A,골목상권,11230,동대문구,11230560,전농1동,204828.0,453365.0,127.05465790447096,37.57982384547527,126403.0,12.6403,False,2023-06-01
3110212,답십리초등학교,A,골목상권,11230,동대문구,11230600,답십리1동,204987.0,452276.0,127.05645053947023,37.570011171150824,80982.0,8.0982,False,2023-06-01
3110213,청량초등학교,A,골목상권,11230,동대문구,11230740,이문1동,205004.0,454831.0,127.05666041481301,37.59303145560466,35455.0,3.5455,False,2023-06-01
3110214,경희대후문,A,골목상권,11230,동대문구,11230740,이문1동,204987.0,455329.0,127.0564713141371,37.59751848359146,79862.0,7.9862,False,2023-06-01
3110215,회기역 1번,A,골목상권,11230,동대문구,11230720,휘경1동,205156.0,454641.0,127.05838017647963,37.591318732897086,51478.0,5.1478,False,2023-06-01
3110216,전농중학교,A,골목상권,11230,동대문구,11230570,전농2동,205156.0,453263.0,127.05837048123253,37.578903054349325,65069.0,6.5069,False,2023-06-01
3110217,자동차부품상가,A,골목상권,11230,동대문구,11230610,답십리2동,205207.0,451743.0,127.05893705293451,37.565207649129086,56649.0,5.6649,False,2023-06-01
3110218,답십리사거리,A,골목상권,11230,동대문구,11230610,답십리2동,205138.0,452341.0,127.05816024441111,37.57059598816457,82160.0,8.216,False,2023-06-01
3110219,삼육보건대학교,A,골목상권,11230,동대문구,11230730,휘경2동,205315.0,454241.0,127.06017759350863,37.58771386098256,179445.0,17.9445,False,2023-06-01
3110220,외대앞역 1번,A,골목상권,11230,동대문구,11230740,이문1동,205403.0,455074.0,127.06118009171799,37.59521860900605,98625.0,9.8625,False,2023-06-01
3110221,의릉,A,골목상권,11290,성북구,11290810,석관동,205397.0,456047.0,127.06111932250876,37.60398528055152,47130.0,4.713,False,2023-06-01
3110222,회기역 2번,A,골목상권,11230,동대문구,11230720,휘경1동,205428.0,454564.0,127.06145939648711,37.590623405833995,10334.0,1.0334,False,2023-06-01
3110223,군자초등학교,A,골목상권,11230,동대문구,11230650,장안1동,205576.0,451597.0,127.06311258247139,37.56389003652469,43581.0,4.3581,False,2023-06-01
3110224,외대앞역 2번,A,골목상권,11230,동대문구,11230720,휘경1동,205611.0,454967.0,127.06353452878642,37.594253304216245,45770.0,4.577,False,2023-06-01
3110225,촬영소사거리,A,골목상권,11230,동대문구,11230610,답십리2동,205617.0,452236.0,127.06358153868939,37.56964714787239,54806.0,5.4806,False,2023-06-01
3110226,장안1동주민센터,A,골목상권,11230,동대문구,11230650,장안1동,205884.0,452160.0,127.06660322921059,37.56896072534327,285861.0,28.5861,False,2023-06-01
3110227,답십리공원,A,골목상권,11230,동대문구,11230610,답십리2동,205920.0,452959.0,127.06701717715508,37.5761594400769,55458.0,5.5458,False,2023-06-01
3110228,장안근린공원,A,골목상권,11230,동대문구,11230660,장안2동,206152.0,452923.0,127.06964322216665,37.57583356210116,177937.0,17.7937,False,2023-06-01
3110229,장평중학교,A,골목상권,11230,동대문구,11230650,장안1동,206184.0,451672.0,127.06999492654327,37.56456190395926,205648.0,20.5648,False,2023-06-01
3110230,장안현대홈타운1차아파트,A,골목상권,11230,동대문구,11230660,장안2동,206324.0,452165.0,127.0715837958836,37.56900286023003,79796.0,7.9796,False,2023-06-01
3110231,장안교,A,골목상권,11230,동대문구,11230660,장안2동,206478.0,453482.0,127.07333861604013,37.58086788036557,8256.0,0.8256,False,2023-06-01
3110232,동대부고,A,골목상권,11230,동대문구,11230660,장안2동,206490.0,453086.0,127.07347096415818,37.577299862471364,104535.0,10.4535,False,2023-06-01
3110233,중랑역 1번,A,골목상권,11260,중랑구,11260610,중화2동,206528.0,455158.0,127.07391960683607,37.59596815071603,124330.0,12.433,False,2023-06-01
3110234,중랑역 4번,A,골목상권,11260,중랑구,11260610,중화2동,206502.0,454920.0,127.07362308419529,37.59382397647871,58421.0,5.8421,False,2023-06-01
3110235,세화어린이공원,A,골목상권,11260,중랑구,11260610,중화2동,206594.0,455445.0,127.07466953919875,37.598553522974974,32631.0,3.2631,False,2023-06-01
3110236,신묵초등학교,A,골목상권,11260,중랑구,11260630,묵2동,206616.0,456591.0,127.07492901956775,37.608878704621766,180650.0,18.065,False,2023-06-01
3110237,메가박스 상봉,A,골목상권,11260,중랑구,11260520,면목2동,206601.0,454652.0,127.07474165969495,37.59140861553847,124410.0,12.441,False,2023-06-01
3110238,배꽃어린이공원,A,골목상권,11260,중랑구,11260610,중화2동,206668.0,456017.0,127.07551271298102,37.603706651918266,29174.0,2.9174,False,2023-06-01
3110239,중랑역 2번,A,골목상권,11260,중랑구,11260610,중화2동,206763.0,455188.0,127.07658089696227,37.596236751352336,10368.0,1.0368,False,2023-06-01
3110240,태릉시장 특화거리,A,골목상권,11260,중랑구,11260610,중화2동,206782.0,455390.0,127.07679791400008,37.59805661227729,45536.0,4.5536,False,2023-06-01
3110241,먹골역 5번,A,골목상권,11260,중랑구,11260630,묵2동,206829.0,456519.0,127.07734066163758,37.608228436499616,99076.0,9.9076,False,2023-06-01
3110242,면목5동주민센터,A,골목상권,11260,중랑구,11260550,면목5동,206907.0,453904.0,127.07819937597127,37.58466695192034,105010.0,10.501,False,2023-06-01
3110243,중랑노인종합복지관,A,골목상권,11260,중랑구,11260520,면목2동,206888.0,454287.0,127.07798786288285,37.58811789387397,128302.0,12.8302,False,2023-06-01
3110244,중화역 4번,A,골목상권,11260,중랑구,11260610,중화2동,206912.0,455985.0,127.07827562121452,37.60341653497187,63066.0,6.3066,False,2023-06-01
3110245,KB국민은행 중화동지점,A,골목상권,11260,중랑구,11260610,중화2동,206956.0,455282.0,127.07876722524678,37.59708224419052,62374.0,6.2374,False,2023-06-01
3110246,월드순복음교회,A,골목상권,11260,중랑구,11260590,상봉2동,206971.0,454832.0,127.07893279696684,37.5930276724399,87353.0,8.7353,False,2023-06-01
3110247,먹골역 1번,A,골목상권,11260,중랑구,11260620,묵1동,207001.0,456738.0,127.07929071096521,37.61020030877544,148439.0,14.8439,False,2023-06-01
3110248,먹골파출소,A,골목상권,11260,중랑구,11260620,묵1동,207107.0,457297.0,127.08049665488899,37.615236018932336,37643.0,3.7643,False,2023-06-01
3110249,중화역 1번,A,골목상권,11260,중랑구,11260600,중화1동,207071.0,456080.0,127.080077148193,37.60427126689631,170317.0,17.0317,False,2023-06-01
3110250,화랑대역 7번,A,골목상권,11260,중랑구,11260620,묵1동,207225.0,457577.0,127.08183593250529,37.61775786435875,39367.0,3.9367,False,2023-06-01
3110251,장안중학교,A,골목상권,11260,중랑구,11260600,중화1동,207245.0,455571.0,127.0820426126108,37.59968387638942,90556.0,9.0556,False,2023-06-01
3110252,장안제일시장,A,골목상권,11260,중랑구,11260550,면목5동,207210.0,453972.0,127.08163053425298,37.58527730415558,121544.0,12.1544,False,2023-06-01
3110253,중곡초등학교,A,골목상권,11260,중랑구,11260540,면목4동,207294.0,452626.0,127.0825681756108,37.573149275903496,86503.0,8.6503,False,2023-06-01
3110254,오거리공원,A,골목상권,11260,중랑구,11260570,면목7동,207331.0,453019.0,127.08299094516126,37.57668988753136,165615.0,16.5615,False,2023-06-01
3110255,상봉역 4번,A,골목상권,11260,중랑구,11260590,상봉2동,207311.0,454906.0,127.08278335992067,37.59369176838608,191245.0,19.1245,False,2023-06-01
3110256,면목2동체육관,A,골목상권,11260,중랑구,11260520,면목2동,207297.0,454482.0,127.08262061305335,37.58987167700212,221861.0,22.1861,False,2023-06-01
3110257,상봉역 7번,A,골목상권,11260,중랑구,11260580,상봉1동,207583.0,455462.0,127.08586900294179,37.598699074668765,114328.0,11.4328,False,2023-06-01
3110258,면동초등학교,A,골목상권,11260,중랑구,11260565,면목본동,207582.0,454086.0,127.08584343751306,37.5863014472743,111432.0,11.1432,False,2023-06-01
3110259,사가정역 1번,A,골목상권,11260,중랑구,11260575,면목3·8동,207605.0,453638.0,127.08609919438253,37.58226481249274,86298.0,8.6298,False,2023-06-01
3110260,면목역 3번,A,골목상권,11260,중랑구,11260565,면목본동,207615.0,454450.0,127.08622084620539,37.58958078457376,65941.0,6.5941,False,2023-06-01
3110261,사가정역 4번,A,골목상권,11260,중랑구,11260570,면목7동,207796.0,453176.0,127.08825666448398,37.57810062879019,109503.0,10.9503,False,2023-06-01
3110262,상봉역 3번,A,골목상권,11260,중랑구,11260590,상봉2동,207850.0,454983.0,127.08888734246237,37.59438109283535,121975.0,12.1975,False,2023-06-01
3110263,면목역 1번,A,골목상권,11260,중랑구,11260565,면목본동,207934.0,454695.0,127.08983537331062,37.59178551926748,152104.0,15.2104,False,2023-06-01
3110264,면목역 2번,A,골목상권,11260,중랑구,11260565,면목본동,208090.0,454193.0,127.09159619054668,37.587261185458964,216948.0,21.6948,False,2023-06-01
3110265,망우역 1번,A,골목상권,11260,중랑구,11260580,상봉1동,208182.0,455535.0,127.09265281648211,37.599351667376226,164846.0,16.4846,False,2023-06-01
3110266,면목동우체국,A,골목상권,11260,중랑구,11260575,면목3·8동,208094.0,453739.0,127.09163646470432,37.58317064692171,114047.0,11.4047,False,2023-06-01
3110267,망우역 2번,A,골목상권,11260,중랑구,11260580,상봉1동,207896.0,455693.0,127.08941586511465,37.60077772912578,125682.0,12.5682,False,2023-06-01
3110268,망우3동주민센터,A,골목상권,11260,중랑구,11260660,망우3동,208341.0,454702.0,127.09444384127879,37.591844991208205,71237.0,7.1237,False,2023-06-01
3110269,용마문화복지센터,A,골목상권,11260,중랑구,11260575,면목3·8동,208386.0,454301.0,127.09494877873355,37.58823160805229,50066.0,5.0066,False,2023-06-01
3110270,혜원여고,A,골목상권,11260,중랑구,11260660,망우3동,208593.0,454695.0,127.09729711212789,37.59177960426356,35644.0,3.5644,False,2023-06-01
3110271,신내역 1번,A,골목상권,11260,중랑구,11260680,신내1동,208737.0,457334.0,127.098959089749,37.6155553465522,112596.0,11.2596,False,2023-06-01
3110272,신내1동주민센터,A,골목상권,11260,중랑구,11260680,신내1동,208691.0,456291.0,127.09842568909336,37.60615847921671,146352.0,14.6352,False,2023-06-01
3110273,장스여성병원,A,골목상권,11260,중랑구,11260680,신내1동,208719.0,455672.0,127.09873541769959,37.60058109260298,69230.0,6.923,False,2023-06-01
3110274,서일대학교,A,골목상권,11260,중랑구,11260575,면목3·8동,208722.0,454449.0,127.09875482708588,37.58956195354008,164098.0,16.4098,False,2023-06-01
3110275,하나은행 망우동지점,A,골목상권,11260,중랑구,11260655,망우본동,208807.0,455418.0,127.0997288883949,37.59829174128377,35477.0,3.5477,False,2023-06-01
3110276,신내IC북측,A,골목상권,11260,중랑구,11260680,신내1동,209033.0,457638.0,127.10231546366508,37.61829148734491,118914.0,11.8914,False,2023-06-01
3110277,러스크서울병원,A,골목상권,11260,중랑구,11260655,망우본동,209068.0,455483.0,127.10268520613647,37.598874850187926,118173.0,11.8173,False,2023-06-01
3110278,망우본동주민센터,A,골목상권,11260,중랑구,11260655,망우본동,209142.0,455775.0,127.10352681954096,37.60150500698696,137523.0,13.7523,False,2023-06-01
3110279,신내역 2번,A,골목상권,11260,중랑구,11260680,신내1동,209821.0,457041.0,127.11123299633127,37.61290452010781,481217.0,48.1217,False,2023-06-01
3110280,북정마을,A,골목상권,11290,성북구,11290525,성북동,199134.0,454845.0,126.9901942420637,37.59317078687043,151078.0,15.1078,False,2023-06-01
3110281,길상사,A,골목상권,11290,성북구,11290525,성북동,199476.0,455329.0,126.99406637755725,37.597531844087236,244583.0,24.4583,False,2023-06-01
3110282,국민대학교앞,A,골목상권,11290,성북구,11290640,정릉3동,199894.0,456476.0,126.99879952100844,37.60786634719181,69438.0,6.9438,False,2023-06-01
3110283,성북초등학교앞,A,골목상권,11290,성북구,11290525,성북동,199941.0,454796.0,126.99933194422123,37.59272970626315,42242.0,4.2242,False,2023-06-01
3110284,정릉북한산국립공원입구,A,골목상권,11290,성북구,11290650,정릉4동,199916.0,457667.0,126.99904854031827,37.61859712610271,57402.0,5.7402,False,2023-06-01
3110285,홍대부중,A,골목상권,11290,성북구,11290525,성북동,200122.0,454958.0,127.00138143045521,37.594189306832554,90071.0,9.0071,False,2023-06-01
3110286,한성대입구역 5번,A,골목상권,11290,성북구,11290525,성북동,200267.0,454472.0,127.00302311738922,37.58981045482825,112177.0,11.2177,False,2023-06-01
3110287,정릉3동주민센터,A,골목상권,11290,성북구,11290640,정릉3동,200322.0,456640.0,127.00364681020984,37.609343919749726,60168.0,6.0168,False,2023-06-01
3110288,동구여중,A,골목상권,11290,성북구,11290525,성북동,200468.0,454617.0,127.00529903995135,37.59111681341101,82760.0,8.276,False,2023-06-01
3110289,북한산보국문역 2번,A,골목상권,11290,성북구,11290640,정릉3동,200613.0,456596.0,127.00694249312983,37.60894733654308,162270.0,16.227,False,2023-06-01
3110290,북한산보국문역 1번,A,골목상권,11290,성북구,11290650,정릉4동,200797.0,457090.0,127.00902691154117,37.61339808174299,45706.0,4.5706,False,2023-06-01
3110291,한성대입구역 3번,A,골목상권,11290,성북구,11290555,삼선동,200879.0,454012.0,127.009951958171,37.58566550757591,175682.0,17.5682,False,2023-06-01
3110292,정릉역 2번,A,골목상권,11290,성북구,11290630,정릉2동,200997.0,456070.0,127.01129074465922,37.60420779420539,21672.0,2.1672,False,2023-06-01
3110293,삼선중학교,A,골목상권,11290,성북구,11290525,성북동,200919.0,454642.0,127.01040562471105,37.59134172173194,79830.0,7.983,False,2023-06-01
3110294,서경대학교,A,골목상권,11290,성북구,11290650,정릉4동,201084.0,456815.0,127.0122770984021,37.61092006872514,193247.0,19.3247,False,2023-06-01
3110295,정릉우체국,A,골목상권,11290,성북구,11290630,정릉2동,201097.0,456370.0,127.01242366605268,37.606910650298325,153101.0,15.3101,False,2023-06-01
3110296,성신여대입구역 4번,A,골목상권,11290,성북구,11290575,동선동,201319.0,454904.0,127.01493520393069,37.59370183444858,59460.0,5.946,False,2023-06-01
3110297,경동고등학교,A,골목상권,11290,성북구,11290555,삼선동,201254.0,454294.0,127.01419815660748,37.588205872958135,167263.0,16.7263,False,2023-06-01
3110298,솔숲어린이공원,A,골목상권,11290,성북구,11290620,정릉1동,201379.0,456103.0,127.01561684927663,37.60450462779731,37902.0,3.7902,False,2023-06-01
3110299,정릉역 1번,A,골목상권,11290,성북구,11290620,정릉1동,201588.0,455814.0,127.01798309800385,37.601900428920864,140910.0,14.091,False,2023-06-01
3110300,삼선동주민센터,A,골목상권,11290,성북구,11290600,안암동,201728.0,454413.0,127.01956520434041,37.589277286482286,155662.0,15.5662,False,2023-06-01
3110301,성신여대입구역 7번,A,골목상권,11290,성북구,11290575,동선동,201622.0,455143.0,127.01836664037198,37.59585472032885,107374.0,10.7374,False,2023-06-01
3110302,보문역 8번,A,골목상권,11290,성북구,11290610,보문동,201699.0,453779.0,127.01923538316022,37.583565045750035,67532.0,6.7532,False,2023-06-01
3110303,성신여대입구역 1번,A,골목상권,11290,성북구,11290575,동선동,201864.0,454954.0,127.02110643481105,37.5941513881059,109299.0,10.9299,False,2023-06-01
3110304,보문역 4번,A,골목상권,11290,성북구,11290600,안암동,201853.0,454151.0,127.02097984870437,37.58691644281773,93288.0,9.3288,False,2023-06-01
3110305,보문역 5번,A,골목상권,11290,성북구,11290600,안암동,201956.0,453872.0,127.02214528008183,37.58440245943911,147424.0,14.7424,False,2023-06-01
3110306,미아초등학교,A,골목상권,11290,성북구,11290660,길음1동,201991.0,456550.0,127.02254882002876,37.60853093141474,32625.0,3.2625,False,2023-06-01
3110307,길음역 7번,A,골목상권,11290,성북구,11290660,길음1동,202044.0,456064.0,127.02314770784847,37.60415200485261,55213.0,5.5213,False,2023-06-01
3110308,길음역 8번,A,골목상권,11290,성북구,11290685,길음2동,202156.0,456410.0,127.02441709427487,37.60726917422429,84969.0,8.4969,False,2023-06-01
3110309,대광초등학교,A,골목상권,11290,성북구,11290600,안암동,202174.0,453492.0,127.0246122872049,37.580978195702365,72678.0,7.2678,False,2023-06-01
3110310,길음역 10번,A,골목상권,11290,성북구,11290685,길음2동,202327.0,456085.0,127.02635266731657,37.604340540666996,21941.0,2.1941,False,2023-06-01
3110311,종암아이파크2차후문,A,골목상권,11290,성북구,11290705,종암동,202513.0,455454.0,127.02845690295315,37.59865480155541,26270.0,2.627,False,2023-06-01
3110312,안암역 2번,A,골목상권,11290,성북구,11290600,안암동,202569.0,454348.0,127.02908716117025,37.58868967897595,85118.0,8.5118,False,2023-06-01
3110313,안암역 3번,A,골목상권,11290,성북구,11290600,안암동,202623.0,453826.0,127.02969670042599,37.583986344323556,82289.0,8.2289,False,2023-06-01
3110314,종암경찰서,A,골목상권,11290,성북구,11290705,종암동,202860.0,455730.0,127.03238736566588,37.60114052307295,84094.0,8.4094,False,2023-06-01
3110315,종암아이파크2차,A,골목상권,11290,성북구,11290705,종암동,202967.0,455307.0,127.03359734683612,37.59732899330453,92801.0,9.2801,False,2023-06-01
3110316,숭곡초등학교,A,골목상권,11290,성북구,11290715,월곡1동,203036.0,456508.0,127.03438366024922,37.608149661161754,180619.0,18.0619,False,2023-06-01
3110317,종암중학교,A,골목상권,11290,성북구,11290705,종암동,203017.0,454857.0,127.03416167700091,37.593274369538996,91409.0,9.1409,False,2023-06-01
3110318,KT월곡지사,A,골목상권,11290,성북구,11290715,월곡1동,203090.0,456010.0,127.0349931252331,37.60366255241552,76869.0,7.6869,False,2023-06-01
3110319,종암동주민센터,A,골목상권,11290,성북구,11290705,종암동,203175.0,455519.0,127.03595359013552,37.59923840007833,98376.0,9.8376,False,2023-06-01
3110320,KB국민은행 종암동지점,A,골목상권,11290,성북구,11290705,종암동,203263.0,455041.0,127.03694796929923,37.59493135491617,52907.0,5.2907,False,2023-06-01
3110321,동덕여대,A,골목상권,11290,성북구,11290715,월곡1동,203580.0,456395.0,127.0405440783636,37.60712958729939,8750.0,0.875,False,2023-06-01
3110322,장위1동주민센터,A,골목상권,11290,성북구,11290760,장위1동,203690.0,457290.0,127.04179435821301,37.615193003217755,84262.0,8.4262,False,2023-06-01
3110323,상월곡역 1번,A,골목상권,11290,성북구,11290725,월곡2동,203943.0,456250.0,127.04465432991732,37.605821668506394,83644.0,8.3644,False,2023-06-01
3110324,월곡역 4번,A,골목상권,11290,성북구,11290725,월곡2동,204165.0,456212.0,127.04716825479831,37.60547831438624,26587.0,2.6587,False,2023-06-01
3110325,장곡초등학교,A,골목상권,11290,성북구,11290760,장위1동,204065.0,457480.0,127.04604280668204,37.61690329985485,104685.0,10.4685,False,2023-06-01
3110326,장위동성당,A,골목상권,11290,성북구,11290760,장위1동,204220.0,456971.0,127.04779550055457,37.61231657146443,45509.0,4.5509,False,2023-06-01
3110327,상월곡역 2번,A,골목상권,11290,성북구,11290770,장위2동,204404.0,456574.0,127.0498770854751,37.60873878320607,117350.0,11.735,False,2023-06-01
3110328,상월곡역 3번,A,골목상권,11290,성북구,11290810,석관동,204494.0,456315.0,127.05089478154436,37.60640478570016,88297.0,8.8297,False,2023-06-01
3110329,우리은행체육관,A,골목상권,11290,성북구,11290770,장위2동,204694.0,457411.0,127.05316682029763,37.61627862337293,88610.0,8.861,False,2023-06-01
3110330,돌곶이역 1번,A,골목상권,11290,성북구,11290770,장위2동,204785.0,456784.0,127.05419343609934,37.610628957446735,72476.0,7.2476,False,2023-06-01
3110331,돌곶이역 8번,A,골목상권,11290,성북구,11290810,석관동,205071.0,456537.0,127.05743087131322,37.60840198289945,105931.0,10.5931,False,2023-06-01
3110332,돌곶이역 3번,A,골목상권,11290,성북구,11290770,장위2동,205180.0,456985.0,127.05866850498425,37.61243780534871,34428.0,3.4428,False,2023-06-01
3110333,돌곶이역 5번,A,골목상권,11290,성북구,11290810,석관동,205235.0,456656.0,127.059289079593,37.60947324130359,67373.0,6.7373,False,2023-06-01
3110334,석관중앙교회,A,골목상권,11290,성북구,11290810,석관동,205523.0,456497.0,127.06254962693833,37.60803898513226,84276.0,8.4276,False,2023-06-01
3110335,석계역 7번,A,골목상권,11290,성북구,11290810,석관동,205645.0,457031.0,127.0639354312124,37.61284952421819,140761.0,14.0761,False,2023-06-01
3110336,석관고등학교,A,골목상권,11290,성북구,11290810,석관동,205718.0,456720.0,127.06475980103762,37.61004699914983,62554.0,6.2554,False,2023-06-01
3110337,아카데미하우스,A,골목상권,11305,강북구,11305660,인수동,200625.0,460586.0,127.00708180832324,37.644896697805095,120638.0,12.0638,False,2023-06-01
3110338,인수초등학교,A,골목상권,11305,강북구,11305660,인수동,200883.0,460186.0,127.01000469541343,37.64129254923397,99103.0,9.9103,False,2023-06-01
3110339,국립4.19민주묘지,A,골목상권,11305,강북구,11305645,우이동,200907.0,460881.0,127.01027748641563,37.64755436475235,12372.0,1.2372,False,2023-06-01
3110340,인수중학교,A,골목상권,11305,강북구,11305660,인수동,200791.0,460520.0,127.0089626651463,37.6443019204707,50149.0,5.0149,False,2023-06-01
3110341,북한산우이역 2번,A,골목상권,11305,강북구,11305645,우이동,200835.0,462472.0,127.00946345210349,37.66188906360192,140183.0,14.0183,False,2023-06-01
3110342,국립재활원,A,골목상권,11305,강북구,11305660,인수동,201078.0,459717.0,127.01221342106835,37.63706672242902,62499.0,6.2499,False,2023-06-01
3110343,무너미어린이공원,A,골목상권,11305,강북구,11305645,우이동,201054.0,460584.0,127.01194275859413,37.64487828619386,105257.0,10.5257,False,2023-06-01
3110344,화계중학교,A,골목상권,11305,강북구,11305615,수유1동,201103.0,459244.0,127.01249594998644,37.632805031548685,38830.0,3.883,False,2023-06-01
3110345,솔밭공원역 2번,A,골목상권,11305,강북구,11305645,우이동,201113.0,461962.0,127.01261338082159,37.65729376216701,103855.0,10.3855,False,2023-06-01
3110346,4.19민주묘지역 2번,A,골목상권,11305,강북구,11305645,우이동,201112.0,461090.0,127.01260072039514,37.64943719478687,60794.0,6.0794,False,2023-06-01
3110347,구세군강북종합사회복지관,A,골목상권,11305,강북구,11305534,삼양동,201194.0,458466.0,127.01352562378993,37.625795244306914,32980.0,3.298,False,2023-06-01
3110348,강북문화예술회관,A,골목상권,11305,강북구,11305660,인수동,201295.0,460283.0,127.01467296968987,37.64216601590721,122433.0,12.2433,False,2023-06-01
3110349,화계역 2번,A,골목상권,11305,강북구,11305615,수유1동,201298.0,459290.0,127.01470519772924,37.63321923034255,26807.0,2.6807,False,2023-06-01
3110350,가오리역 2번,A,골목상권,11305,강북구,11305660,인수동,201343.0,459984.0,127.0152162831768,37.6394720032164,75348.0,7.5348,False,2023-06-01
3110351,수유북부시장옆,A,골목상권,11305,강북구,11305660,인수동,201375.0,459629.0,127.01557817756294,37.636273459159135,78839.0,7.8839,False,2023-06-01
3110352,수유1동주민센터,A,골목상권,11305,강북구,11305615,수유1동,201422.0,458947.0,127.01610934145874,37.63012866510726,134108.0,13.4108,False,2023-06-01
3110353,수유동우체국,A,골목상권,11305,강북구,11305625,수유2동,201429.0,460733.0,127.01619213381463,37.646220245431095,75187.0,7.5187,False,2023-06-01
3110354,삼각산119안전센터,A,골목상권,11305,강북구,11305575,삼각산동,201493.0,457814.0,127.0169113628067,37.619920370314105,17571.0,1.7571,False,2023-06-01
3110355,삼양사거리역 2번,A,골목상권,11305,강북구,11305534,삼양동,201603.0,458000.0,127.01815775151196,37.62159602211676,101492.0,10.1492,False,2023-06-01
3110356,덕수교,A,골목상권,11305,강북구,11305625,수유2동,201609.0,460954.0,127.01823221742599,37.64821112151977,102062.0,10.2062,False,2023-06-01
3110357,가오리역 1번,A,골목상권,11305,강북구,11305625,수유2동,201573.0,460422.0,127.0178231418042,37.643417950197,47879.0,4.7879,False,2023-06-01
3110358,인수동 우편취급국,A,골목상권,11305,강북구,11305635,수유3동,201703.0,459587.0,127.01929418298738,37.63589449617691,111455.0,11.1455,False,2023-06-01
3110359,수유시장옆,A,골목상권,11305,강북구,11305635,수유3동,201763.0,459911.0,127.01997473599373,37.63881357463464,135413.0,13.5413,False,2023-06-01
3110360,수유초등학교,A,골목상권,11305,강북구,11305615,수유1동,201790.0,459211.0,127.02027893106111,37.63250662525755,106526.0,10.6526,False,2023-06-01
3110361,삼양사거리역 1번,A,골목상권,11305,강북구,11305555,송천동,201938.0,457918.0,127.02195219826605,37.620856567428554,74852.0,7.4852,False,2023-06-01
3110362,우이천 계성교,A,골목상권,11305,강북구,11305625,수유2동,201964.0,460744.0,127.02225429849481,37.646318365852586,142902.0,14.2902,False,2023-06-01
3110363,송천동주민센터,A,골목상권,11305,강북구,11305555,송천동,202008.0,457606.0,127.02274424891583,37.61804533538588,26098.0,2.6098,False,2023-06-01
3110364,미아역 8번,A,골목상권,11305,강북구,11305535,미아동,202029.0,458632.0,127.02298495804374,37.62728941885218,127150.0,12.715,False,2023-06-01
3110365,미아역 5번,A,골목상권,11305,강북구,11305535,미아동,202059.0,458234.0,127.02332368413532,37.62370342449713,115228.0,11.5228,False,2023-06-01
3110366,광산사거리,A,골목상권,11305,강북구,11305635,수유3동,202157.0,460441.0,127.024440307911,37.64358795194538,57563.0,5.7563,False,2023-06-01
3110367,강북구청,A,골목상권,11305,강북구,11305635,수유3동,202105.0,460127.0,127.02385020735765,37.64075898184941,63938.0,6.3938,False,2023-06-01
3110368,송천초등학교,A,골목상권,11305,강북구,11305555,송천동,202139.0,457232.0,127.0242269685227,37.61467534403826,105075.0,10.5075,False,2023-06-01
3110369,성신여대운정그린캠퍼스,A,골목상권,11305,강북구,11305535,미아동,202277.0,459283.0,127.02579638357513,37.63315425772718,133932.0,13.3932,False,2023-06-01
3110370,도봉세무서,A,골목상권,11305,강북구,11305555,송천동,202381.0,457675.0,127.02696937588496,37.61866612711227,108984.0,10.8984,False,2023-06-01
3110371,삼양입구사거리,A,골목상권,11305,강북구,11305555,송천동,202451.0,457427.0,127.02776142881005,37.61643149290946,62809.0,6.2809,False,2023-06-01
3110372,강북중학교,A,골목상권,11305,강북구,11305635,수유3동,202506.0,460397.0,127.02839456895946,37.64319063348257,82483.0,8.2483,False,2023-06-01
3110373,수유역 2번,A,골목상권,11305,강북구,11305595,번1동,202534.0,459700.0,127.028709410016,37.636910694150785,84732.0,8.4732,False,2023-06-01
3110374,송중초등학교,A,골목상권,11305,강북구,11305545,송중동,202711.0,457804.0,127.03070773418587,37.619827487837085,204374.0,20.4374,False,2023-06-01
3110375,서울북부고용노동지청,A,골목상권,11305,강북구,11305603,번2동,202797.0,459422.0,127.0316880518505,37.634405192525286,58262.0,5.8262,False,2023-06-01
3110376,수송초등학교,A,골목상권,11305,강북구,11305595,번1동,202774.0,459976.0,127.03142958043493,37.639396719361045,208928.0,20.8928,False,2023-06-01
3110377,미아사거리역 3번,A,골목상권,11305,강북구,11305545,송중동,202936.0,456864.0,127.0332525568104,37.611357507180074,35635.0,3.5635,False,2023-06-01
3110378,송중동주민센터,A,골목상권,11305,강북구,11305545,송중동,203052.0,457230.0,127.03456787608697,37.61465474821984,53154.0,5.3154,False,2023-06-01
3110379,KTNG 북부지사,A,골목상권,11305,강북구,11305595,번1동,203145.0,459526.0,127.03563109498288,37.6353410925142,32184.0,3.2184,False,2023-06-01
3110380,강북문화정보도서관,A,골목상권,11305,강북구,11305603,번2동,203187.0,458642.0,127.03610307823755,37.62737623295432,40504.0,4.0504,False,2023-06-01
3110381,번동주공2단지,A,골목상권,11305,강북구,11305608,번3동,203912.0,458714.0,127.04431643020392,37.62802214434433,50484.0,5.0484,False,2023-06-01
3110382,솔밭공원역 1번,A,골목상권,11320,도봉구,11320660,쌍문1동,201230.0,461803.0,127.01393904788439,37.655861051335094,40166.0,4.0166,False,2023-06-01
3110383,덕성여대시반거리,A,골목상권,11320,도봉구,11320660,쌍문1동,201215.0,461310.0,127.01376823935381,37.651419227128585,43039.0,4.3039,False,2023-06-01
3110384,문이교,A,골목상권,11320,도봉구,11320660,쌍문1동,201446.0,462166.0,127.01638759942803,37.6591313013153,108209.0,10.8209,False,2023-06-01
3110385,효문고등학교,A,골목상권,11320,도봉구,11320660,쌍문1동,201627.0,461645.0,127.01843772171924,37.65443688182839,96072.0,9.6072,False,2023-06-01
3110386,연산군묘,A,골목상권,11320,도봉구,11320710,방학3동,202103.0,462367.0,127.02383399587637,37.66094100485509,16363.0,1.6363,False,2023-06-01
3110387,쌍문초등학교,A,골목상권,11320,도봉구,11320660,쌍문1동,202159.0,461198.0,127.02446520633936,37.65040839273036,143845.0,14.3845,False,2023-06-01
3110388,도봉우체국,A,골목상권,11320,도봉구,11320680,쌍문3동,202678.0,460881.0,127.03034521174635,37.647550909717985,55371.0,5.5371,False,2023-06-01
3110389,한일병원,A,골목상권,11320,도봉구,11320680,쌍문3동,202647.0,460524.0,127.02999264822596,37.64433448784252,52890.0,5.289,False,2023-06-01
3110390,방학초등학교,A,골목상권,11320,도봉구,11320700,방학2동,202823.0,462590.0,127.03199485575384,37.66294826195008,61821.0,6.1821,False,2023-06-01
3110391,샘말어린이공원,A,골목상권,11320,도봉구,11320700,방학2동,202929.0,463310.0,127.03319911031689,37.66943498988012,245401.0,24.5401,False,2023-06-01
3110392,발바닥공원,A,골목상권,11320,도봉구,11320681,쌍문4동,202856.0,462194.0,127.03236731659013,37.65938027388251,10355.0,1.0355,False,2023-06-01
3110393,국민은행방학지점,A,골목상권,11320,도봉구,11320710,방학3동,202933.0,462499.0,127.03324118997125,37.66212802440248,21358.0,2.1358,False,2023-06-01
3110394,방학중학교,A,골목상권,11320,도봉구,11320700,방학2동,203106.0,463000.0,127.0352040189328,37.66664136938327,157817.0,15.7817,False,2023-06-01
3110395,신한은행 방학동지점,A,골목상권,11320,도봉구,11320690,방학1동,203218.0,462687.0,127.03647206897583,37.663820914220366,52472.0,5.2472,False,2023-06-01
3110396,쌍문역1번(쌍리단길),A,골목상권,11320,도봉구,11320511,창1동,203218.0,460963.0,127.03646447195642,37.648287983441726,52971.0,5.2971,False,2023-06-01
3110397,도봉산입구,A,골목상권,11320,도봉구,11320521,도봉1동,203332.0,464982.0,127.03777459924751,37.684497982069054,542024.0,54.2024,False,2023-06-01
3110398,쌍문2동우체국,A,골목상권,11320,도봉구,11320670,쌍문2동,203278.0,461696.0,127.03714764587922,37.65489197482345,102318.0,10.2318,False,2023-06-01
3110399,창2동주민센터,A,골목상권,11320,도봉구,11320512,창2동,203454.0,460218.0,127.03913516200652,37.64157479769659,161205.0,16.1205,False,2023-06-01
3110400,도봉구보건소,A,골목상권,11320,도봉구,11320670,쌍문2동,203457.0,462153.0,127.03917831065685,37.65900880587902,123299.0,12.3299,False,2023-06-01
3110401,도봉구민회관,A,골목상권,11320,도봉구,11320515,창5동,203483.0,461709.0,127.03947085180758,37.65500834807137,44767.0,4.4767,False,2023-06-01
3110402,도봉구 정병원,A,골목상권,11320,도봉구,11320690,방학1동,203471.0,462457.0,127.03933841839097,37.66174773644597,118386.0,11.8386,False,2023-06-01
3110403,방학1동주민센터,A,골목상권,11320,도봉구,11320690,방학1동,203537.0,462802.0,127.04008809776987,37.66485586877777,153054.0,15.3054,False,2023-06-01
3110404,신창초등학교,A,골목상권,11320,도봉구,11320513,창3동,203576.0,459627.0,127.04051457750563,37.63624951181725,297142.0,29.7142,False,2023-06-01
3110405,방학역 1번,A,골목상권,11320,도봉구,11320690,방학1동,203619.0,463278.0,127.04101983972988,37.66914421567172,185625.0,18.5625,False,2023-06-01
3110406,도봉산역 1번,A,골목상권,11320,도봉구,11320521,도봉1동,203718.0,465573.0,127.04215366082339,37.68982127470245,247532.0,24.7532,False,2023-06-01
3110407,도봉역 2번,A,골목상권,11320,도봉구,11320521,도봉1동,203614.0,463983.0,127.04096665862704,37.675496141018016,454340.0,45.434,False,2023-06-01
3110408,가인초등학교,A,골목상권,11320,도봉구,11320515,창5동,203661.0,462129.0,127.04149012943245,37.658791779784266,53197.0,5.3197,False,2023-06-01
3110409,창동역 2번,A,골목상권,11320,도봉구,11320515,창5동,203829.0,461718.0,127.0433919186032,37.65508805934027,77642.0,7.7642,False,2023-06-01
3110410,방학역 2번,A,골목상권,11320,도봉구,11320690,방학1동,203939.0,463274.0,127.04464688230323,37.66910685931536,130951.0,13.0951,False,2023-06-01
3110411,도봉역 3번,A,골목상권,11320,도봉구,11320522,도봉2동,204032.0,464014.0,127.04570508633535,37.67577370352973,90321.0,9.0321,False,2023-06-01
3110412,창동중학교,A,골목상권,11320,도봉구,11320514,창4동,204240.0,462445.0,127.04805377216918,37.66163639020386,21146.0,2.1146,False,2023-06-01
3110413,누원고등학교,A,골목상권,11320,도봉구,11320522,도봉2동,204198.0,464883.0,127.04759179455202,37.683602460890334,74353.0,7.4353,False,2023-06-01
3110414,장석교회,A,골목상권,11350,노원구,11350560,월계1동,204615.0,458250.0,127.05227731602463,37.62383830725509,68483.0,6.8483,False,2023-06-01
3110415,수락산역 4번,A,골목상권,11350,노원구,11350630,상계1동,204689.0,464016.0,127.05315257704147,37.675788601948824,197508.0,19.7508,False,2023-06-01
3110416,노원초등학교,A,골목상권,11350,노원구,11350630,상계1동,205046.0,463673.0,127.05719700834406,37.67269635077476,92687.0,9.2687,False,2023-06-01
3110417,월계역 3번,A,골목상권,11350,노원구,11350570,월계2동,205127.0,459237.0,127.05808401363579,37.63272832739588,29842.0,2.9842,False,2023-06-01
3110418,광운대학교 남단,A,골목상권,11350,노원구,11350560,월계1동,205120.0,457577.0,127.05799308954457,37.61777199050576,88266.0,8.8266,False,2023-06-01
3110419,수락산디자인거리,A,골목상권,11350,노원구,11350630,상계1동,205038.0,464087.0,127.05710918618408,37.67642644762496,125994.0,12.5994,False,2023-06-01
3110420,광운대역 1번,A,골목상권,11350,노원구,11350560,월계1동,205266.0,457942.0,127.05964942521183,37.62105977010069,50431.0,5.0431,False,2023-06-01
3110421,석계역 1번,A,골목상권,11350,노원구,11350560,월계1동,205573.0,457361.0,127.06312247081327,37.61582322388741,69794.0,6.9794,False,2023-06-01
3110422,노원역 9번,A,골목상권,11350,노원구,11350720,상계10동,205580.0,462171.0,127.06323847595561,37.65916053777142,35324.0,3.5324,False,2023-06-01
3110423,석계역 2번,A,골목상권,11350,노원구,11350560,월계1동,205719.0,457498.0,127.06477720668236,37.617056680947364,58165.0,5.8165,False,2023-06-01
3110424,상계초등학교,A,골목상권,11350,노원구,11350640,상계2동,205957.0,462130.0,127.06751070252085,37.6587887676114,75911.0,7.5911,False,2023-06-01
3110425,계상초등학교,A,골목상권,11350,노원구,11350670,상계5동,206006.0,462411.0,127.06806833085835,37.66132020509103,104277.0,10.4277,False,2023-06-01
3110426,상계2동주민센터,A,골목상권,11350,노원구,11350640,상계2동,206148.0,461865.0,127.06967307359584,37.656399908365415,130017.0,13.0017,False,2023-06-01
3110427,노원 을지대학교병원,A,골목상권,11350,노원구,11350611,하계1동,206268.0,459433.0,127.07101212612758,37.63448718644394,30640.0,3.064,False,2023-06-01
3110428,상계5동주민센터,A,골목상권,11350,노원구,11350670,상계5동,206276.0,462728.0,127.07113106886166,37.66417450788167,217725.0,21.7725,False,2023-06-01
3110429,공릉동 국수거리,A,골목상권,11350,노원구,11350595,공릉1동,206455.0,457940.0,127.07311752729507,37.62103417369391,160554.0,16.0554,False,2023-06-01
3110430,중계초등학교,A,골목상권,11350,노원구,11350624,중계4동,206575.0,461975.0,127.07451309787963,37.65738803052602,11185.0,1.1185,False,2023-06-01
3110431,상계역,A,골목상권,11350,노원구,11350624,중계4동,206556.0,462351.0,127.07430115109672,37.66077585499005,55707.0,5.5707,False,2023-06-01
3110432,대진고등학교,A,골목상권,11350,노원구,11350611,하계1동,206468.0,459617.0,127.07327961483682,37.636143612769324,69099.0,6.9099,False,2023-06-01
3110433,공릉역 2번,A,골목상권,11350,노원구,11350595,공릉1동,206692.0,458322.0,127.07580558296304,37.624474248359746,95309.0,9.5309,False,2023-06-01
3110434,태릉입구역 4번,A,골목상권,11350,노원구,11350595,공릉1동,206724.0,457916.0,127.07616433988346,37.62081600948065,38090.0,3.809,False,2023-06-01
3110435,서울과학기술대,A,골목상권,11350,노원구,11350600,공릉2동,206727.0,458887.0,127.07620725251878,37.62956456328433,17818.0,1.7818,False,2023-06-01
3110436,상계제일중학교,A,골목상권,11350,노원구,11350624,중계4동,206697.0,462140.0,127.075897210537,37.658873767958596,41545.0,4.1545,False,2023-06-01
3110437,당고개역 2번,A,골목상권,11350,노원구,11350665,상계3·4동,206846.0,463073.0,127.0775945781875,37.66727881600537,83701.0,8.3701,False,2023-06-01
3110438,경춘선숲길 우측,A,골목상권,11350,노원구,11350600,공릉2동,206924.0,458484.0,127.07843516211018,37.625932128278464,100071.0,10.0071,False,2023-06-01
3110439,당고개역 5번,A,골목상권,11350,노원구,11350665,상계3·4동,206942.0,463518.0,127.07868690249911,37.67128745338235,99026.0,9.9026,False,2023-06-01
3110440,상계3동4동주민센터,A,골목상권,11350,노원구,11350665,상계3·4동,207404.0,463610.0,127.08392455657356,37.67211274412271,54632.0,5.4632,False,2023-06-01
3110441,영신여고,A,골목상권,11350,노원구,11350619,중계본동,207291.0,461205.0,127.0826196816482,37.65044506735612,54737.0,5.4737,False,2023-06-01
3110442,화랑대철도공원,A,골목상권,11350,노원구,11350600,공릉2동,207943.0,458309.0,127.08997649461092,37.624347165327165,20050.0,2.005,False,2023-06-01
3110443,수색역 1번,A,골목상권,11380,은평구,11380650,수색동,190793.0,453820.0,126.89576167266632,37.58388999571794,39392.0,3.9392,False,2023-06-01
3110444,수색성당,A,골목상권,11380,은평구,11380640,증산동,191453.0,453224.0,126.90324089386081,37.5785264429112,73705.0,7.3705,False,2023-06-01
3110445,덕산중학교,A,골목상권,11380,은평구,11380631,신사1동,191769.0,455726.0,126.90679016222137,37.60107212061711,41323.0,4.1323,False,2023-06-01
3110446,내를건너서숲으로도서관,A,골목상권,11380,은평구,11380632,신사2동,191796.0,454593.0,126.90710860708293,37.59086414207435,59764.0,5.9764,False,2023-06-01
3110447,구산초등학교,A,골목상권,11380,은평구,11380560,구산동,191809.0,457108.0,126.90722766750545,37.61352413892628,36415.0,3.6415,False,2023-06-01
3110448,상신초등학교입구,A,골목상권,11380,은평구,11380632,신사2동,191804.0,455212.0,126.90719226269508,37.59644134522892,61765.0,6.1765,False,2023-06-01
3110449,증산역 3번,A,골목상권,11380,은평구,11380640,증산동,191787.0,453767.0,126.90701596105242,37.58342187116859,154127.0,15.4127,False,2023-06-01
3110450,시립서북병원,A,골목상권,11380,은평구,11380560,구산동,191983.0,456211.0,126.90920823667827,37.60544380722238,195983.0,19.5983,False,2023-06-01
3110451,증산역 4번,A,골목상권,11380,은평구,11380640,증산동,192207.0,454149.0,126.91176695211725,37.58686731059382,178167.0,17.8167,False,2023-06-01
3110452,새절역 3번,A,골목상권,11380,은평구,11380632,신사2동,192273.0,454515.0,126.91251034948701,37.59016549580663,112690.0,11.269,False,2023-06-01
3110453,신사1동주민센터,A,골목상권,11380,은평구,11380631,신사1동,192303.0,455136.0,126.91284350185019,37.59576090033222,209465.0,20.9465,False,2023-06-01
3110454,선정중학교,A,골목상권,11380,은평구,11380552,갈현2동,192299.0,457526.0,126.91277306605409,37.617294498774285,117225.0,11.7225,False,2023-06-01
3110455,역촌노인복지관,A,골목상권,11380,은평구,11380625,역촌동,192271.0,455990.0,126.91247213883008,37.60345508538735,155405.0,15.5405,False,2023-06-01
3110456,구산보건지소,A,골목상권,11380,은평구,11380560,구산동,192317.0,456472.0,126.91298801162252,37.607798237195865,170875.0,17.0875,False,2023-06-01
3110457,예일여고,A,골목상권,11380,은평구,11380560,구산동,192325.0,456907.0,126.91307405227334,37.611717603043715,93412.0,9.3412,False,2023-06-01
3110458,선일여고,A,골목상권,11380,은평구,11380552,갈현2동,192396.0,457958.0,126.91386726493421,37.62118756902737,118649.0,11.8649,False,2023-06-01
3110459,응암역 2번,A,골목상권,11380,은평구,11380631,신사1동,192366.0,455560.0,126.91355245804954,37.59958162321895,104660.0,10.466,False,2023-06-01
3110460,구산역 4번,A,골목상권,11380,은평구,11380552,갈현2동,192498.0,457218.0,126.91503023530403,37.61452110216548,149102.0,14.9102,False,2023-06-01
3110461,새절역 2번,A,골목상권,11380,은평구,11380600,응암3동,192506.0,454562.0,126.91514802943925,37.59059088769237,33922.0,3.3922,False,2023-06-01
3110462,갈현건영아파트,A,골목상권,11380,은평구,11380551,갈현1동,192582.0,458461.0,126.91596903807975,37.62572104900552,155714.0,15.5714,False,2023-06-01
3110463,응암3동주민센터,A,골목상권,11380,은평구,11380600,응암3동,192604.0,454716.0,126.91625609375642,37.591979206596314,53976.0,5.3976,False,2023-06-01
3110464,연신내역 5번,A,골목상권,11380,은평구,11380552,갈현2동,192658.0,457512.0,126.91683948861983,37.61717129619592,99182.0,9.9182,False,2023-06-01
3110465,연신내역 7번,A,골목상권,11380,은평구,11380551,갈현1동,192719.0,457984.0,126.91752571819795,37.621424439428516,72295.0,7.2295,False,2023-06-01
3110466,구산역 2번,A,골목상권,11380,은평구,11380625,역촌동,192764.0,456543.0,126.9180496970129,37.60844156301381,102377.0,10.2377,False,2023-06-01
3110467,은평요양병원,A,골목상권,11380,은평구,11380551,갈현1동,192861.0,458363.0,126.91913049837565,37.6248402910825,59339.0,5.9339,False,2023-06-01
3110468,응암역 3번,A,골목상권,11380,은평구,11380625,역촌동,192780.0,455968.0,126.91823657343345,37.60326100188257,243033.0,24.3033,False,2023-06-01
3110469,응암정보도서관,A,골목상권,11380,은평구,11380600,응암3동,192812.0,454074.0,126.91861754570061,37.58619648808546,197026.0,19.7026,False,2023-06-01
3110470,신진과학기술고등학교,A,골목상권,11380,은평구,11380580,응암1동,192849.0,455298.0,126.91902451113417,37.597224908383765,34929.0,3.4929,False,2023-06-01
3110471,응암동우체국,A,골목상권,11380,은평구,11380590,응암2동,192874.0,454645.0,126.91931395497869,37.591341632295624,123744.0,12.3744,False,2023-06-01
3110472,연신내역 4번,A,골목상권,11380,은평구,11380570,대조동,193000.0,457351.0,126.92071475120319,37.61572337269694,134157.0,13.4157,False,2023-06-01
3110473,구산역 1번,A,골목상권,11380,은평구,11380570,대조동,193014.0,457016.0,126.92087651968274,37.612705170028846,185580.0,18.558,False,2023-06-01
3110474,세명컴퓨터고등학교,A,골목상권,11380,은평구,11380530,불광2동,193094.0,458463.0,126.92176894024693,37.625743056575715,125765.0,12.5765,False,2023-06-01
3110475,백련산해모로아파트,A,골목상권,11380,은평구,11380580,응암1동,193130.0,455354.0,126.92220593140232,37.597731603154955,70709.0,7.0709,False,2023-06-01
3110476,역촌역 2번,A,골목상권,11380,은평구,11380570,대조동,193193.0,456536.0,126.92290833727267,37.608381767605536,31638.0,3.1638,False,2023-06-01
3110477,은평세무서,A,골목상권,11380,은평구,11380510,녹번동,193336.0,455907.0,126.9245335867328,37.602715592384634,101732.0,10.1732,False,2023-06-01
3110478,응암1동주민센터,A,골목상권,11380,은평구,11380580,응암1동,193406.0,455584.0,126.92532920921019,37.59980589933403,61196.0,6.1196,False,2023-06-01
3110479,연신내역 2번,A,골목상권,11380,은평구,11380530,불광2동,193382.0,458068.0,126.92503497111757,37.62218627823486,102295.0,10.2295,False,2023-06-01
3110480,연신내역 3번,A,골목상권,11380,은평구,11380520,불광1동,193392.0,457581.0,126.92515264438013,37.61779854346738,77808.0,7.7808,False,2023-06-01
3110481,불광역 7번,A,골목상권,11380,은평구,11380570,대조동,193522.0,456966.0,126.92663056899461,37.61225839334248,88375.0,8.8375,False,2023-06-01
3110482,연신초등학교,A,골목상권,11380,은평구,11380530,불광2동,193583.0,458450.0,126.92730843440131,37.625629470921474,35348.0,3.5348,False,2023-06-01
3110483,연천초등학교,A,골목상권,11380,은평구,11380520,불광1동,193551.0,457851.0,126.92695122086181,37.620232337413974,67748.0,6.7748,False,2023-06-01
3110484,역촌역 3번,A,골목상권,11380,은평구,11380510,녹번동,193559.0,456301.0,126.92705548022373,37.60626707842495,191591.0,19.1591,False,2023-06-01
3110485,연신내우체국,A,골목상권,11380,은평구,11380530,불광2동,193759.0,458017.0,126.92930584981403,37.62172941068953,103329.0,10.3329,False,2023-06-01
3110486,은평구청,A,골목상권,11380,은평구,11380510,녹번동,193642.0,455881.0,126.92799910442099,37.60248349999488,63348.0,6.3348,False,2023-06-01
3110487,불광역 8번,A,골목상권,11380,은평구,11380520,불광1동,193806.0,456935.0,126.92984739569621,37.611981042923105,23276.0,2.3276,False,2023-06-01
3110488,우리은행응암동지점,A,골목상권,11380,은평구,11380580,응암1동,193806.0,455674.0,126.92985806504447,37.60061956927928,93490.0,9.349,False,2023-06-01
3110489,불광역 3번,A,골목상권,11380,은평구,11380510,녹번동,193908.0,456402.0,126.93100707256734,37.60717945420136,31324.0,3.1324,False,2023-06-01
3110490,녹번동근린공원,A,골목상권,11380,은평구,11380510,녹번동,193973.0,456174.0,126.93174508513563,37.60512562677337,128235.0,12.8235,False,2023-06-01
3110491,불광중학교,A,골목상권,11380,은평구,11380530,불광2동,194346.0,458292.0,126.9359528895163,37.624210920408096,300653.0,30.0653,False,2023-06-01
3110492,하나고등학교,A,골목상권,11380,은평구,11380690,진관동,194584.0,460074.0,126.93863569243493,37.640267912325534,133323.0,13.3323,False,2023-06-01
3110493,북가좌초등학교,A,골목상권,11410,서대문구,11410710,북가좌1동,191669.0,452953.0,126.90568926896974,37.57608673066373,44322.0,4.4322,False,2023-06-01
3110494,증산3교남측,A,골목상권,11410,서대문구,11410710,북가좌1동,191718.0,453280.0,126.9062402765271,37.579033419795664,32244.0,3.2244,False,2023-06-01
3110495,북가좌2동주민센터,A,골목상권,11410,서대문구,11410720,북가좌2동,192016.0,453516.0,126.9096113313527,37.58116239400609,183812.0,18.3812,False,2023-06-01
3110496,모래내우체국,A,골목상권,11410,서대문구,11410720,북가좌2동,192218.0,453273.0,126.91190079630084,37.578974710429875,69544.0,6.9544,False,2023-06-01
3110497,가좌역 3번,A,골목상권,11410,서대문구,11410690,남가좌1동,192369.0,452344.0,126.91361991841764,37.570605742735694,27096.0,2.7096,False,2023-06-01
3110498,증산역 1번,A,골목상권,11410,서대문구,11410720,북가좌2동,192362.0,454070.0,126.91352269766976,37.586156825769734,115165.0,11.5165,False,2023-06-01
3110499,연가초등학교,A,골목상권,11410,서대문구,11410720,북가좌2동,192836.0,453604.0,126.91889386756887,37.58196201102725,122136.0,12.2136,False,2023-06-01
3110500,남가좌동현대아파트,A,골목상권,11410,서대문구,11410700,남가좌2동,192917.0,452686.0,126.91981976539897,37.573691518712444,26069.0,2.6069,False,2023-06-01
3110501,연희어린이공원,A,골목상권,11410,서대문구,11410615,연희동,193028.0,452001.0,126.92108280715279,37.56752055333463,123377.0,12.3377,False,2023-06-01
3110502,남가좌파출소,A,골목상권,11410,서대문구,11410700,남가좌2동,193174.0,452938.0,126.92272668132648,37.575963963329684,125757.0,12.5757,False,2023-06-01
3110503,명지대학교교회,A,골목상권,11410,서대문구,11410700,남가좌2동,193247.0,453681.0,126.92354622796518,37.582658880776606,154746.0,15.4746,False,2023-06-01
3110504,명지전문대,A,골목상권,11410,서대문구,11410685,홍은2동,193319.0,454064.0,126.92435788035117,37.586110206920786,34484.0,3.4484,False,2023-06-01
3110505,홍남교남측,A,골목상권,11410,서대문구,11410615,연희동,193361.0,452692.0,126.92484582926626,37.573748885051856,21259.0,2.1259,False,2023-06-01
3110506,연희임광아파트,A,골목상권,11410,서대문구,11410615,연희동,193454.0,451816.0,126.92590641707535,37.565856837051726,25732.0,2.5732,False,2023-06-01
3110507,명지대학교,A,골목상권,11410,서대문구,11410685,홍은2동,193437.0,453250.0,126.92570116141633,37.578776974466116,176999.0,17.6999,False,2023-06-01
3110508,서연중학교,A,골목상권,11410,서대문구,11410615,연희동,193595.0,452248.0,126.9274986096705,37.56975012640672,171649.0,17.1649,False,2023-06-01
3110509,연희대우아파트앞,A,골목상권,11410,서대문구,11410585,신촌동,193678.0,451158.0,126.92844752122875,37.55992984865597,117804.0,11.7804,False,2023-06-01
3110510,홍연시장,A,골목상권,11410,서대문구,11410615,연희동,193904.0,453009.0,126.93099000584364,37.576608789068295,42513.0,4.2513,False,2023-06-01
3110511,연희초등학교,A,골목상권,11410,서대문구,11410615,연희동,194055.0,451806.0,126.93270915833831,37.56577081077972,200962.0,20.0962,False,2023-06-01
3110512,연희지하차도,A,골목상권,11410,서대문구,11410615,연희동,194158.0,453091.0,126.93386476704562,37.577349249846684,112524.0,11.2524,False,2023-06-01
3110513,연희파출소,A,골목상권,11410,서대문구,11410615,연희동,194116.0,452409.0,126.93339477301652,37.571204202384884,81070.0,8.107,False,2023-06-01
3110514,서대문우체국,A,골목상권,11410,서대문구,11410585,신촌동,194063.0,451114.0,126.93280530945275,37.55953597057879,91935.0,9.1935,False,2023-06-01
3110515,홍은중학교,A,골목상권,11410,서대문구,11410685,홍은2동,194180.0,454791.0,126.9341003201628,37.59266626203721,64938.0,6.4938,False,2023-06-01
3110516,정원여중,A,골목상권,11410,서대문구,11410685,홍은2동,194259.0,453935.0,126.93500154132738,37.58495426690211,65332.0,6.5332,False,2023-06-01
3110517,서대문소방서,A,골목상권,11410,서대문구,11410615,연희동,194394.0,452679.0,126.93653958895463,37.573638621003035,63408.0,6.3408,False,2023-06-01
3110518,서대문구청,A,골목상권,11410,서대문구,11410615,연희동,194404.0,453061.0,126.93664987416355,37.57708047905889,49879.0,4.9879,False,2023-06-01
3110519,서대문구보건소별관,A,골목상권,11410,서대문구,11410620,홍제1동,194442.0,453988.0,126.93707302774935,37.58543291564456,115619.0,11.5619,False,2023-06-01
3110520,경의중앙 신촌역,A,골목상권,11410,서대문구,11410585,신촌동,194757.0,450919.0,126.94066135843529,37.55778323603086,60585.0,6.0585,False,2023-06-01
3110521,홍제역 4번,A,골목상권,11410,서대문구,11410620,홍제1동,194925.0,454327.0,126.94253914209197,37.58849006833365,30428.0,3.0428,False,2023-06-01
3110522,홍제역 3번,A,골목상권,11410,서대문구,11410620,홍제1동,195088.0,454097.0,126.94438622395546,37.586418669981754,37420.0,3.742,False,2023-06-01
3110523,홍제성원아파트,A,골목상권,11410,서대문구,11410620,홍제1동,195052.0,453807.0,126.94398058936534,37.58380559848549,14283.0,1.4283,False,2023-06-01
3110524,연희세브란스병원,A,골목상권,11410,서대문구,11410585,신촌동,195078.0,451634.0,126.94428953833804,37.56422713000024,30580.0,3.058,False,2023-06-01
3110525,홍은종합사회복지관,A,골목상권,11410,서대문구,11410660,홍은1동,195233.0,455053.0,126.94602169615602,37.59503291409624,35519.0,3.5519,False,2023-06-01
3110526,봉원사,A,골목상권,11410,서대문구,11410585,신촌동,195306.0,452138.0,126.94686696726536,37.568769337184015,112347.0,11.2347,False,2023-06-01
3110527,홍제역 2번,A,골목상권,11410,서대문구,11410640,홍제3동,195323.0,454390.0,126.94704502804773,37.58905980105765,106073.0,10.6073,False,2023-06-01
3110528,서울여자간호대학교,A,골목상권,11410,서대문구,11410640,홍제3동,195385.0,455125.0,126.9477423876717,37.59568240231185,59337.0,5.9337,False,2023-06-01
3110529,홍제3동주민센터,A,골목상권,11410,서대문구,11410640,홍제3동,195418.0,454778.0,126.94811823117293,37.59255612715383,113498.0,11.3498,False,2023-06-01
3110530,아현역 1번,A,골목상권,11410,서대문구,11410555,북아현동,195903.0,450890.0,126.95363158709601,37.55752775290266,17473.0,1.7473,False,2023-06-01
3110531,홍지문,A,골목상권,11110,종로구,11110550,부암동,196095.0,455335.0,126.95578089828807,37.5975777693182,78118.0,7.8118,False,2023-06-01
3110532,아현역 2번,A,골목상권,11410,서대문구,11410555,북아현동,196252.0,451127.0,126.95758023545085,37.55966460070906,61152.0,6.1152,False,2023-06-01
3110533,충정로역 7번,A,골목상권,11410,서대문구,11410555,북아현동,196504.0,451105.0,126.96043246893825,37.55946737168449,39228.0,3.9228,False,2023-06-01
3110534,경기대학교,A,골목상권,11410,서대문구,11410565,충현동,196485.0,451629.0,126.96021491759412,37.56418852082849,71787.0,7.1787,False,2023-06-01
3110535,영천시장입구,A,골목상권,11410,서대문구,11410520,천연동,196528.0,452201.0,126.96069891221285,37.5693423792459,34671.0,3.4671,False,2023-06-01
3110536,돈의문센트레빌아파트입구,A,골목상권,11410,서대문구,11410565,충현동,196793.0,451833.0,126.96370017168594,37.566027675937754,21586.0,2.1586,False,2023-06-01
3110537,충정로현대아파트,A,골목상권,11410,서대문구,11410565,충현동,196781.0,451522.0,126.96356570918091,37.56322553635593,52786.0,5.2786,False,2023-06-01
3110538,충정로역 3번,A,골목상권,11410,서대문구,11410565,충현동,196883.0,451251.0,126.96472134857177,37.56078418654761,16657.0,1.6657,False,2023-06-01
3110539,미근동,A,골목상권,11410,서대문구,11410565,충현동,197093.0,451559.0,126.9670969378151,37.5635599419406,48052.0,4.8052,False,2023-06-01
3110540,망원나들목체육관,A,골목상권,11440,마포구,11440690,망원1동,191170.0,450546.0,126.90006934224586,37.554395138395485,61616.0,6.1616,False,2023-06-01
3110541,동교초등학교,A,골목상권,11440,마포구,11440700,망원2동,191287.0,450928.0,126.9013889146534,37.557838057122424,101027.0,10.1027,False,2023-06-01
3110542,마포구청역 7번,A,골목상권,11440,마포구,11440700,망원2동,191345.0,451292.0,126.90204104660727,37.56111822791792,123656.0,12.3656,False,2023-06-01
3110543,중암중학교,A,골목상권,11440,마포구,11440730,성산2동,191421.0,452638.0,126.9028854848606,37.57324632514791,21216.0,2.1216,False,2023-06-01
3110544,망리단길,A,골목상권,11440,마포구,11440690,망원1동,191619.0,450607.0,126.90515005082206,37.55494893754342,311648.0,31.1648,False,2023-06-01
3110545,마포구청역 1번,A,골목상권,11440,마포구,11440730,성산2동,191544.0,451746.0,126.90428813099314,37.565210593396785,87346.0,8.7346,False,2023-06-01
3110546,양화대교북단,A,골목상권,11440,마포구,11440680,합정동,191662.0,450075.0,126.90564273561985,37.55015602415631,102440.0,10.244,False,2023-06-01
3110547,KB국민은행 망원동지점,A,골목상권,11440,마포구,11440700,망원2동,191646.0,451113.0,126.90544985616523,37.5595082230966,72666.0,7.2666,False,2023-06-01
3110548,마포구청역 4번,A,골목상권,11440,마포구,11440720,성산1동,191712.0,451412.0,126.90619346235002,37.56220279579154,113289.0,11.3289,False,2023-06-01
3110549,새터산,A,골목상권,11440,마포구,11440730,성산2동,191929.0,451850.0,126.90864472387631,37.56615108048661,101078.0,10.1078,False,2023-06-01
3110550,합정역 8번,A,골목상권,11440,마포구,11440680,합정동,191993.0,450196.0,126.90938718433293,37.55124916468073,173803.0,17.3803,False,2023-06-01
3110551,성서초등학교,A,골목상권,11440,마포구,11440720,성산1동,192011.0,451116.0,126.90958086997414,37.55953848888973,102638.0,10.2638,False,2023-06-01
3110552,성미산체육관,A,골목상권,11440,마포구,11440720,성산1동,192075.0,451621.0,126.91029976327297,37.56408906898937,97940.0,9.794,False,2023-06-01
3110553,가좌역 2번,A,골목상권,11440,마포구,11440730,성산2동,192127.0,452064.0,126.91088357719595,37.5680809222147,83965.0,8.3965,False,2023-06-01
3110554,망원역 1번,A,골목상권,11440,마포구,11440660,서교동,192277.0,450762.0,126.91259516798046,37.556351229480875,126268.0,12.6268,False,2023-06-01
3110555,홍익지구대,A,골목상권,11440,마포구,11440660,서교동,192243.0,450433.0,126.91221385162382,37.55338666494685,21035.0,2.1035,False,2023-06-01
3110556,절두산순교성지,A,골목상권,11440,마포구,11440680,합정동,192375.0,449482.0,126.91371757454334,37.54481927904736,41215.0,4.1215,False,2023-06-01
3110557,홍대부속여중고앞,A,골목상권,11440,마포구,11440660,서교동,192530.0,450970.0,126.91545636804895,37.55822738686203,112569.0,11.2569,False,2023-06-01
3110558,경성고등학교,A,골목상권,11440,마포구,11440720,성산1동,192565.0,451651.0,126.91584558806795,37.56436345107631,321532.0,32.1532,False,2023-06-01
3110559,성산중학교,A,골목상권,11440,마포구,11440680,합정동,192688.0,449683.0,126.91725739230115,37.54663282025479,100801.0,10.0801,False,2023-06-01
3110560,마포FM,A,골목상권,11440,마포구,11440710,연남동,192787.0,451180.0,126.91836296409208,37.56012152571261,60230.0,6.023,False,2023-06-01
3110561,상수역 4번,A,골목상권,11440,마포구,11440655,서강동,193020.0,449646.0,126.92101465340818,37.546302023717864,81410.0,8.141,False,2023-06-01
3110562,연트럴파크(연남동주민센터),A,골목상권,11440,마포구,11440710,연남동,193227.0,451584.0,126.92333916869626,37.5637648872408,96104.0,9.6104,False,2023-06-01
3110563,상수역 3번,A,골목상권,11440,마포구,11440655,서강동,193303.0,449582.0,126.92421764900786,37.54572748347693,37381.0,3.7381,False,2023-06-01
3110564,홍대입구역 3번,A,골목상권,11440,마포구,11440660,서교동,193428.0,451158.0,126.92561802009853,37.55992809998973,49371.0,4.9371,False,2023-06-01
3110565,홍익대,A,골목상권,11440,마포구,11440655,서강동,193630.0,450369.0,126.92791110550594,37.55282065351235,43573.0,4.3573,False,2023-06-01
3110566,경의선책거리,A,골목상권,11440,마포구,11440660,서교동,193685.0,450750.0,126.92853025842068,37.55625383076808,156743.0,15.6743,False,2023-06-01
3110567,광흥창역 6번,A,골목상권,11440,마포구,11440655,서강동,193708.0,449746.0,126.92879916577444,37.547207972980665,21814.0,2.1814,False,2023-06-01
3110568,광흥창역 1번,A,골목상권,11440,마포구,11440655,서강동,193929.0,449952.0,126.93129831639091,37.54906551058041,25225.0,2.5225,False,2023-06-01
3110569,홍대땡땡거리,A,골목상권,11440,마포구,11440655,서강동,193992.0,450570.0,126.93200618899269,37.55463408814831,84934.0,8.4934,False,2023-06-01
3110570,KB국민은행 서강지점,A,골목상권,11440,마포구,11440630,신수동,194258.0,449405.0,126.93502567773906,37.54413915672997,24575.0,2.4575,False,2023-06-01
3110571,신수동주민센터,A,골목상권,11440,마포구,11440630,신수동,194370.0,449562.0,126.9362918233212,37.545554415241,75550.0,7.555,False,2023-06-01
3110572,서강대역 1번,A,골목상권,11440,마포구,11440630,신수동,194437.0,450111.0,126.93704582425684,37.55050130216004,148225.0,14.8225,False,2023-06-01
3110573,신촌역 6번,A,골목상권,11440,마포구,11440600,대흥동,194527.0,450416.0,126.93806204247883,37.55324988365989,9367.0,0.9367,False,2023-06-01
3110574,서강대학교,A,골목상권,11440,마포구,11440600,대흥동,194699.0,449975.0,126.94001175069047,37.54927748843915,16304.0,1.6304,False,2023-06-01
3110575,대흥동주민센터,A,골목상권,11440,마포구,11440600,대흥동,194807.0,450616.0,126.9412293866774,37.55505349809711,71531.0,7.1531,False,2023-06-01
3110576,대흥역 3번,A,골목상권,11440,마포구,11440600,대흥동,195036.0,449638.0,126.9438276551153,37.546242999742375,76040.0,7.604,False,2023-06-01
3110577,용강동주민센터,A,골목상권,11440,마포구,11440590,용강동,195056.0,449322.0,126.94405610152812,37.5433959508503,26040.0,2.604,False,2023-06-01
3110578,대흥역 2번,A,골목상권,11440,마포구,11440610,염리동,195146.0,449859.0,126.94507094731405,37.54823479197003,111950.0,11.195,False,2023-06-01
3110579,마포역 4번,A,골목상권,11440,마포구,11440585,도화동,195146.0,448511.0,126.94507985704328,37.53608932191042,55046.0,5.5046,False,2023-06-01
3110580,양원초등학교,A,골목상권,11440,마포구,11440600,대흥동,195137.0,450415.0,126.9449654178453,37.55324429314442,39360.0,3.936,False,2023-06-01
3110581,염리초등학교,A,골목상권,11440,마포구,11440590,용강동,195296.0,449319.0,126.94677184287126,37.543370176242604,13748.0,1.3748,False,2023-06-01
3110582,이대역 5번,A,골목상권,11440,마포구,11440610,염리동,195312.0,450646.0,126.94694441696987,37.555326503708855,53599.0,5.3599,False,2023-06-01
3110583,공덕래미안3차아파트,A,골목상권,11440,마포구,11440555,아현동,195817.0,449922.0,126.95266378611484,37.54880570905106,7972.0,0.7972,False,2023-06-01
3110584,아현역 4번,A,골목상권,11440,마포구,11440555,아현동,195866.0,450839.0,126.95321312146879,37.55706807920678,14177.0,1.4177,False,2023-06-01
3110585,마포경찰서,A,골목상권,11440,마포구,11440555,아현동,195953.0,450143.0,126.95420158838729,37.55079752205663,18216.0,1.8216,False,2023-06-01
3110586,서울서부지방법원,A,골목상권,11440,마포구,11440565,공덕동,196159.0,450001.0,126.95653355702888,37.54951898581369,132139.0,13.2139,False,2023-06-01
3110587,공덕동주민센터,A,골목상권,11440,마포구,11440565,공덕동,196316.0,449878.0,126.95831085477145,37.548411398437956,76629.0,7.6629,False,2023-06-01
3110588,한겨레신문사,A,골목상권,11440,마포구,11440565,공덕동,196474.0,449809.0,126.96009915669194,37.5477903271591,72183.0,7.2183,False,2023-06-01
3110589,애오개역 3번,A,골목상권,11440,마포구,11440565,공덕동,196507.0,450469.0,126.96046944995778,37.55373704052531,31214.0,3.1214,False,2023-06-01
3110590,만리재,A,골목상권,11440,마포구,11440565,공덕동,196687.0,450062.0,126.96250836037213,37.5500706431169,59702.0,5.9702,False,2023-06-01
3110591,충정로역 6번,A,골목상권,11140,중구,11140680,중림동,196681.0,450974.0,126.96243633709501,37.55828772006275,51038.0,5.1038,False,2023-06-01
3110592,서울금융고등학교,A,골목상권,11470,양천구,11470580,신월3동,184589.0,448509.0,126.82563401264152,37.53595534590303,42118.0,4.2118,False,2023-06-01
3110593,신월3동주민센터,A,골목상권,11470,양천구,11470580,신월3동,184691.0,448235.0,126.82679378474641,37.533488313325336,177705.0,17.7705,False,2023-06-01
3110594,신월중학교,A,골목상권,11470,양천구,11470600,신월5동,184761.0,449104.0,126.82756773429206,37.54131913020384,77868.0,7.7868,False,2023-06-01
3110595,메디힐병원,A,골목상권,11470,양천구,11470600,신월5동,184977.0,448713.0,126.83001980407094,37.537799779014634,187236.0,18.7236,False,2023-06-01
3110596,서서울호수공원,A,골목상권,11470,양천구,11470580,신월3동,185107.0,447773.0,126.83150975912126,37.52933251445713,118222.0,11.8222,False,2023-06-01
3110597,신월1동주민센터,A,골목상권,11470,양천구,11470560,신월1동,185143.0,448358.0,126.83190521052481,37.53460392930182,181005.0,18.1005,False,2023-06-01
3110598,신월문화체육센터,A,골목상권,11470,양천구,11470611,신월7동,185267.0,446690.0,126.83334160134534,37.519577268602156,105945.0,10.5945,False,2023-06-01
3110599,신월1파출소,A,골목상권,11470,양천구,11470560,신월1동,185318.0,447959.0,126.83389315773971,37.53101175170295,105116.0,10.5116,False,2023-06-01
3110600,신월7동주민센터,A,골목상권,11470,양천구,11470611,신월7동,185402.0,447045.0,126.83486165433094,37.52277796044675,158307.0,15.8307,False,2023-06-01
3110601,신월1동우편취급국,A,골목상권,11470,양천구,11470560,신월1동,185551.0,447619.0,126.83653591090041,37.527952036939,220158.0,22.0158,False,2023-06-01
3110602,신월시영아파트중문,A,골목상권,11470,양천구,11470611,신월7동,185660.0,446618.0,126.83778857051439,37.51893473808293,61404.0,6.1404,False,2023-06-01
3110603,지향초등학교,A,골목상권,11470,양천구,11470640,신정3동,185868.0,445909.0,126.84015504526579,37.512549854548844,60198.0,6.0198,False,2023-06-01
3110604,신월4동주민센터,A,골목상권,11470,양천구,11470590,신월4동,185801.0,447110.0,126.8393740280047,37.5233698345449,150486.0,15.0486,False,2023-06-01
3110605,목동센트럴아이파크앞,A,골목상권,11470,양천구,11470610,신월6동,185913.0,446276.0,126.84065700172758,37.515857213930644,38129.0,3.8129,False,2023-06-01
3110606,신한은행 신월동지점,A,골목상권,11470,양천구,11470590,신월4동,185964.0,446724.0,126.84122532645422,37.519894470414044,158709.0,15.8709,False,2023-06-01
3110607,금빛새마을금고본점,A,골목상권,11470,양천구,11470570,신월2동,186338.0,446751.0,126.84545548354971,37.5201433517979,36823.0,3.6823,False,2023-06-01
3110608,신월2동주민센터,A,골목상권,11470,양천구,11470570,신월2동,186375.0,447299.0,126.8458638689397,37.52508137541477,199259.0,19.9259,False,2023-06-01
3110609,신정네거리역 2번,A,골목상권,11470,양천구,11470640,신정3동,186656.0,446922.0,126.84904958349243,37.521688713508105,48181.0,4.8181,False,2023-06-01
3110610,계남근린공원,A,골목상권,11470,양천구,11470640,신정3동,186751.0,446350.0,126.85013454972898,37.516536361455536,70654.0,7.0654,False,2023-06-01
3110611,신정역 1번,A,골목상권,11470,양천구,11470650,신정4동,187335.0,447451.0,126.8567214512695,37.52646456849876,105248.0,10.5248,False,2023-06-01
3110612,신정역 5번,A,골목상권,11470,양천구,11470650,신정4동,187264.0,447115.0,126.85592405599903,37.52343623317185,167833.0,16.7833,False,2023-06-01
3110613,신정네거리역 4번,A,골목상권,11470,양천구,11470620,신정1동,187307.0,446653.0,126.85641846880637,37.51927420545412,23861.0,2.3861,False,2023-06-01
3110614,목동로데오거리,A,골목상권,11470,양천구,11470650,신정4동,187652.0,447633.0,126.86030458955942,37.52810868334319,77332.0,7.7332,False,2023-06-01
3110615,신서초등학교,A,골목상권,11470,양천구,11470620,신정1동,187732.0,446840.0,126.86122287881099,37.52096482260142,31057.0,3.1057,False,2023-06-01
3110616,양목초등학교,A,골목상권,11470,양천구,11470650,신정4동,187814.0,447073.0,126.8621466079888,37.52306523920134,15723.0,1.5723,False,2023-06-01
3110617,등촌역 4번,A,골목상권,11470,양천구,11470530,목3동,188071.0,449651.0,126.86501203740956,37.546296333335455,57686.0,5.7686,False,2023-06-01
3110618,강서고등학교,A,골목상권,11470,양천구,11470540,목4동,188103.0,448419.0,126.86539410373939,37.535196458755294,123264.0,12.3264,False,2023-06-01
3110619,목4동주민센터,A,골목상권,11470,양천구,11470540,목4동,188148.0,448006.0,126.86590990704674,37.53147591395939,39755.0,3.9755,False,2023-06-01
3110620,목동보건지소,A,골목상권,11470,양천구,11470540,목4동,188258.0,448850.0,126.86714092210998,37.539081746094716,177925.0,17.7925,False,2023-06-01
3110621,목동역 5번,A,골목상권,11470,양천구,11470510,목1동,188298.0,447305.0,126.86761812174153,37.52516182294021,34475.0,3.4475,False,2023-06-01
3110622,달마을공원,A,골목상권,11470,양천구,11470520,목2동,188467.0,449542.0,126.86949485468382,37.54531928448399,90372.0,9.0372,False,2023-06-01
3110623,갈산공원,A,골목상권,11470,양천구,11470680,신정7동,188487.0,445288.0,126.86978780741998,37.50699100324871,156540.0,15.654,False,2023-06-01
3110624,목동문화체육센터,A,골목상권,11470,양천구,11470520,목2동,188603.0,449088.0,126.87104084620793,37.541230447917584,43801.0,4.3801,False,2023-06-01
3110625,신정2동주민센터,A,골목상권,11470,양천구,11470630,신정2동,188656.0,446559.0,126.87167959095298,37.51844482910326,100874.0,10.0874,False,2023-06-01
3110626,양화초등학교,A,골목상권,11470,양천구,11470520,목2동,188812.0,449453.0,126.87340015358637,37.54452164719591,127884.0,12.7884,False,2023-06-01
3110627,신정롯데캐슬아파트,A,골목상권,11470,양천구,11470630,신정2동,188832.0,446731.0,126.87366784052136,37.51999669695131,80881.0,8.0881,False,2023-06-01
3110628,신목동역,A,골목상권,11470,양천구,11470520,목2동,189379.0,449524.0,126.87981510484747,37.54516805962939,95041.0,9.5041,False,2023-06-01
3110629,송정역 4번,A,골목상권,11500,강서구,11500620,공항동,183092.0,451129.0,126.80863612346855,37.55953516004605,37678.0,3.7678,False,2023-06-01
3110630,공항시장역 1번,A,골목상권,11500,강서구,11500640,방화2동,183081.0,451771.0,126.80849682132187,37.56531932383041,187213.0,18.7213,False,2023-06-01
3110631,방화초등학교,A,골목상권,11500,강서구,11500640,방화2동,183212.0,452183.0,126.80997014983035,37.569033802082984,91895.0,9.1895,False,2023-06-01
3110632,방화역 3번,A,골목상권,11500,강서구,11500630,방화1동,183317.0,452821.0,126.81114416473945,37.574784026804544,70905.0,7.0905,False,2023-06-01
3110633,개화산역 1번,A,골목상권,11500,강서구,11500640,방화2동,183234.0,452598.0,126.81020968720364,37.572773312508275,21731.0,2.1731,False,2023-06-01
3110634,송정역 3번,A,골목상권,11500,강서구,11500620,공항동,183513.0,450893.0,126.81340625888797,37.55741644469033,238960.0,23.896,False,2023-06-01
3110635,공항시장역 3번,A,골목상권,11500,강서구,11500620,공항동,183536.0,451639.0,126.81364982337935,37.56413825648806,95722.0,9.5722,False,2023-06-01
3110636,방화역 2번,A,골목상권,11500,강서구,11500630,방화1동,183479.0,452754.0,126.81297954691722,37.57418328310471,44808.0,4.4808,False,2023-06-01
3110637,송정역 2번,A,골목상권,11500,강서구,11500620,공항동,183536.0,451403.0,126.81365511965059,37.562011916075285,86547.0,8.6547,False,2023-06-01
3110638,신방화역 2번,A,골목상권,11500,강서구,11500630,방화1동,183578.0,452151.0,126.81411374137471,37.568752080859916,180870.0,18.087,False,2023-06-01
3110639,신방화역 8번,A,골목상권,11500,강서구,11500630,방화1동,183627.0,451855.0,126.81467499402622,37.56608601924656,97165.0,9.7165,False,2023-06-01
3110640,방화역 1번,A,골목상권,11500,강서구,11500641,방화3동,183716.0,453166.0,126.81565326249752,37.57789958092894,79681.0,7.9681,False,2023-06-01
3110641,공항고등학교,A,골목상권,11500,강서구,11500630,방화1동,183939.0,452510.0,126.81819214306468,37.571993001135965,67482.0,6.7482,False,2023-06-01
3110642,정곡초등학교,A,골목상권,11500,강서구,11500641,방화3동,183978.0,453168.0,126.81861923583634,37.577922195273615,19884.0,1.9884,False,2023-06-01
3110643,강서구다솔마을,A,골목상권,11500,강서구,11500620,공항동,183982.0,450681.0,126.8187188292322,37.555514608778836,127210.0,12.721,False,2023-06-01
3110644,신광명마을,A,골목상권,11500,강서구,11500611,발산1동,184449.0,449781.0,126.82402307103138,37.5474136591159,121040.0,12.104,False,2023-06-01
3110645,우장산역 4번,A,골목상권,11500,강서구,11500611,발산1동,185289.0,450314.0,126.83351789025144,37.55222974435354,180103.0,18.0103,False,2023-06-01
3110646,푸른들청소년도서관,A,골목상권,11500,강서구,11500560,화곡3동,185451.0,449406.0,126.83536920594395,37.54405128013141,203547.0,20.3547,False,2023-06-01
3110647,화곡역 5번,A,골목상권,11500,강서구,11500540,화곡1동,185643.0,448807.0,126.83755350454585,37.53865732206218,210252.0,21.0252,False,2023-06-01
3110648,양천향교역 7번,A,골목상권,11500,강서구,11500603,가양1동,185683.0,451946.0,126.83794486723072,37.56694015920104,283983.0,28.3983,False,2023-06-01
3110649,우장산역 1번,A,골목상권,11500,강서구,11500615,우장산동,185667.0,450397.0,126.83779402108537,37.55298352372839,70187.0,7.0187,False,2023-06-01
3110650,우장산힐스테이트,A,골목상권,11500,강서구,11500615,우장산동,185747.0,450632.0,126.83869481098462,37.555102100549604,18832.0,1.8832,False,2023-06-01
3110651,화원중학교,A,골목상권,11500,강서구,11500540,화곡1동,185784.0,448561.0,126.83915364557892,37.53644305372367,142874.0,14.2874,False,2023-06-01
3110652,양천향교역 2번,A,골목상권,11500,강서구,11500603,가양1동,185848.0,452384.0,126.83980405551232,37.57088905324606,98467.0,9.8467,False,2023-06-01
3110653,화곡역 2번,A,골목상권,11500,강서구,11500615,우장산동,185990.0,449471.0,126.84146705720477,37.54464527316059,122821.0,12.2821,False,2023-06-01
3110654,까치산역 4번,A,골목상권,11500,강서구,11500540,화곡1동,185968.0,448182.0,126.84124273765296,37.53303109098858,276225.0,27.6225,False,2023-06-01
3110655,발산역 5번,A,골목상권,11500,강서구,11500615,우장산동,186090.0,450860.0,126.84257230285208,37.55716160650589,121172.0,12.1172,False,2023-06-01
3110656,까치산역 3번,A,골목상권,11500,강서구,11500540,화곡1동,186119.0,447708.0,126.842960091587,37.5287626446809,201889.0,20.1889,False,2023-06-01
3110657,양천향교역 5번,A,골목상권,11500,강서구,11500603,가양1동,186180.0,451900.0,126.84357129242541,37.56653329053859,124877.0,12.4877,False,2023-06-01
3110658,화곡초등학교,A,골목상권,11500,강서구,11500590,화곡본동,186389.0,449541.0,126.84598070839353,37.54528194555487,65816.0,6.5816,False,2023-06-01
3110659,화곡역 4번,A,골목상권,11500,강서구,11500590,화곡본동,186429.0,449017.0,126.84644302224962,37.540561314365874,372788.0,37.2788,False,2023-06-01
3110660,등촌3동주민센터,A,골목상권,11500,강서구,11500535,등촌3동,186507.0,450988.0,126.84728936932422,37.558321077195195,151533.0,15.1533,False,2023-06-01
3110661,강서새말어린이공원,A,골목상권,11500,강서구,11500591,화곡6동,186545.0,450313.0,126.84773181802505,37.552239919927054,38920.0,3.892,False,2023-06-01
3110662,까치산역 1번,A,골목상권,11500,강서구,11500593,화곡8동,186666.0,448383.0,126.84913619684727,37.534852448619034,230187.0,23.0187,False,2023-06-01
3110663,우장산롯데캐슬아파트앞,A,골목상권,11500,강서구,11500591,화곡6동,186697.0,450527.0,126.84944809476382,37.55417025469729,38550.0,3.855,False,2023-06-01
3110664,강서구청옆,A,골목상권,11500,강서구,11500591,화곡6동,186927.0,450211.0,126.85205665692996,37.55132640057759,22736.0,2.2736,False,2023-06-01
3110665,곰달래도서관,A,골목상권,11500,강서구,11500550,화곡2동,186976.0,447805.0,126.85265383966606,37.529649107544294,205223.0,20.5223,False,2023-06-01
3110666,KC대학교,A,골목상권,11500,강서구,11500591,화곡6동,186979.0,449983.0,126.8526491681953,37.54927286681151,48432.0,4.8432,False,2023-06-01
3110667,가양역 10번,A,골목상권,11500,강서구,11500535,등촌3동,187021.0,451363.0,126.85310005041369,37.56170718541245,29342.0,2.9342,False,2023-06-01
3110668,화곡2동주민센터,A,골목상권,11500,강서구,11500550,화곡2동,187035.0,448118.0,126.85331580752754,37.532470063483686,178678.0,17.8678,False,2023-06-01
3110669,화곡보람2차아파트,A,골목상권,11500,강서구,11500591,화곡6동,187100.0,450388.0,126.85401133115961,37.55292359887971,15189.0,1.5189,False,2023-06-01
3110670,신곡초등학교,A,골목상권,11500,강서구,11500570,화곡4동,187264.0,448458.0,126.85590077983834,37.53553664651659,146128.0,14.6128,False,2023-06-01
3110671,등촌1동주민센터,A,골목상권,11500,강서구,11500520,등촌1동,187561.0,450691.0,126.85922329564612,37.555659949213435,231350.0,23.135,False,2023-06-01
3110672,백석중학교,A,골목상권,11500,강서구,11500530,등촌2동,187594.0,449689.0,126.85961370194485,37.54663241808762,69786.0,6.9786,False,2023-06-01
3110673,뜸부기어린이공원,A,골목상권,11500,강서구,11500570,화곡4동,187599.0,447889.0,126.85970067142637,37.530414529887224,145209.0,14.5209,False,2023-06-01
3110674,강서구청가양동별관,A,골목상권,11500,강서구,11500605,가양3동,187645.0,451282.0,126.86016400105997,37.56098595643201,10388.0,1.0388,False,2023-06-01
3110675,화곡4동주민센터,A,골목상권,11500,강서구,11500570,화곡4동,187674.0,448535.0,126.86053834758077,37.536235984215786,164488.0,16.4488,False,2023-06-01
3110676,등촌역 7번,A,골목상권,11500,강서구,11500530,등촌2동,187709.0,450057.0,126.86090887758014,37.54994962363011,73721.0,7.3721,False,2023-06-01
3110677,등촌역 1번,A,골목상권,11500,강서구,11500520,등촌1동,188138.0,450469.0,126.86575698649308,37.553667344910735,46900.0,4.69,False,2023-06-01
3110678,염창무학아파트,A,골목상권,11500,강서구,11500510,염창동,189066.0,450086.0,126.87626490361185,37.55022800324262,27977.0,2.7977,False,2023-06-01
3110679,염창역 2번,A,골목상권,11500,강서구,11500510,염창동,189142.0,449876.0,126.877128065132,37.548336808697975,69101.0,6.9101,False,2023-06-01
3110680,온수역 5번(온수산업단지),A,골목상권,11530,구로구,11530790,수궁동,183950.0,443756.0,126.81850788788535,37.49311994963992,136117.0,13.6117,False,2023-06-01
3110681,온수역 1번,A,골목상권,11530,구로구,11530790,수궁동,184516.0,443619.0,126.82491102406779,37.49189523446282,82313.0,8.2313,False,2023-06-01
3110682,온수역 8번,A,골목상권,11530,구로구,11530790,수궁동,184527.0,444083.0,126.82502565575354,37.496076071884076,32907.0,3.2907,False,2023-06-01
3110683,오류고등학교,A,골목상권,11530,구로구,11530790,수궁동,184751.0,444388.0,126.82755240000888,37.498827853882815,41660.0,4.166,False,2023-06-01
3110684,서울공연예술고등학교,A,골목상권,11530,구로구,11530790,수궁동,184965.0,444368.0,126.82997287787586,37.49865116136106,56085.0,5.6085,False,2023-06-01
3110685,금강수목원아파트,A,골목상권,11530,구로구,11530780,오류2동,185185.0,443424.0,126.83247979267945,37.49014924650443,33067.0,3.3067,False,2023-06-01
3110686,수궁동주민센터,A,골목상권,11530,구로구,11530790,수궁동,185334.0,443922.0,126.83415467880339,37.4946386209005,191258.0,19.1258,False,2023-06-01
3110687,"천왕역 3번(오류2동주민센터, 서울오류남초등학교)",A,골목상권,11530,구로구,11530780,오류2동,185673.0,443204.0,126.83800209949702,37.488174732703506,42464.0,4.2464,False,2023-06-01
3110688,오류지구대,A,골목상권,11530,구로구,11530770,오류1동,185730.0,444002.0,126.83863113866616,37.495365625011715,79928.0,7.9928,False,2023-06-01
3110689,오류동역 3번,A,골목상권,11530,구로구,11530770,오류1동,186094.0,444250.0,126.84274264528915,37.497605663860966,115792.0,11.5792,False,2023-06-01
3110690,오류2동버들시장,A,골목상권,11530,구로구,11530780,오류2동,186120.0,443658.0,126.84304783057652,37.49227211410927,163596.0,16.3596,False,2023-06-01
3110691,개봉중학교,A,골목상권,11530,구로구,11530740,개봉1동,186250.0,444792.0,126.8444966536907,37.502491434172335,78095.0,7.8095,False,2023-06-01
3110692,큰굴다리,A,골목상권,11530,구로구,11530740,개봉1동,186407.0,444470.0,126.84627816117714,37.499592529392906,68249.0,6.8249,False,2023-06-01
3110693,오류동역 4번,A,골목상권,11530,구로구,11530770,오류1동,186407.0,444108.0,126.84628484691717,37.49633089785898,9129.0,0.9129,False,2023-06-01
3110694,세곡초등학교,A,골목상권,11530,구로구,11530730,고척2동,186504.0,445043.0,126.84736461127684,37.50475669655838,196285.0,19.6285,False,2023-06-01
3110695,개봉1동주민센터,A,골목상권,11530,구로구,11530730,고척2동,186895.0,444572.0,126.8517950693799,37.50051860494412,191612.0,19.1612,False,2023-06-01
3110696,오류동역 1번,A,골목상권,11530,구로구,11530750,개봉2동,186908.0,443849.0,126.85195494682506,37.49400453378477,87977.0,8.7977,False,2023-06-01
3110697,개봉3동주민센터,A,골목상권,11530,구로구,11530760,개봉3동,187085.0,442783.0,126.85397516427783,37.48440231340217,81457.0,8.1457,False,2023-06-01
3110698,개웅초등학교(개웅중학교),A,골목상권,11530,구로구,11530760,개봉3동,187021.0,443233.0,126.85324361249371,37.488455940409224,131201.0,13.1201,False,2023-06-01
3110699,덕의초등학교,A,골목상권,11530,구로구,11530730,고척2동,187204.0,445195.0,126.85527871714567,37.506136184373446,55364.0,5.5364,False,2023-06-01
3110700,고척초등학교,A,골목상권,11530,구로구,11530720,고척1동,187387.0,444733.0,126.85735633995328,37.50197606942786,131905.0,13.1905,False,2023-06-01
3110701,고척동성당,A,골목상권,11530,구로구,11530730,고척2동,187600.0,445118.0,126.85975871674765,37.50544781457659,44097.0,4.4097,False,2023-06-01
3110702,개봉초등학교,A,골목상권,11530,구로구,11530760,개봉3동,187521.0,443242.0,126.8588970531552,37.488543918326116,91947.0,9.1947,False,2023-06-01
3110703,개봉역,A,골목상권,11530,구로구,11530740,개봉1동,187529.0,443979.0,126.85897502647636,37.495184430475696,119182.0,11.9182,False,2023-06-01
3110704,고척중학교,A,골목상권,11530,구로구,11530720,고척1동,187951.0,444448.0,126.86373941044981,37.49941573934314,15243.0,1.5243,False,2023-06-01
3110705,고산초등학교,A,골목상권,11530,구로구,11530720,고척1동,188048.0,444505.0,126.86483544243784,37.49993057162166,20963.0,2.0963,False,2023-06-01
3110706,그라운드 고척,A,골목상권,11530,구로구,11530720,고척1동,188121.0,444651.0,126.86565863686813,37.50124697849955,44173.0,4.4173,False,2023-06-01
3110707,구로창업지원센터,A,골목상권,11530,구로구,11530510,신도림동,189343.0,445600.0,126.87946463909472,37.50981240738075,185688.0,18.5688,False,2023-06-01
3110708,화원어린이공원,A,골목상권,11530,구로구,11530530,구로2동,189501.0,444279.0,126.8812705347504,37.497911959929255,50397.0,5.0397,False,2023-06-01
3110709,구로119안전센터,A,골목상권,11530,구로구,11530530,구로2동,189526.0,443837.0,126.88155953983639,37.49392980242855,88217.0,8.8217,False,2023-06-01
3110710,남구로역 3번,A,골목상권,11530,구로구,11530530,구로2동,189736.0,443055.0,126.8839451262403,37.48688629442355,224117.0,22.4117,False,2023-06-01
3110711,구로초등학교,A,골목상권,11530,구로구,11530530,구로2동,189750.0,444136.0,126.8840883735061,37.496626319676004,157006.0,15.7006,False,2023-06-01
3110712,남구로역 5번,A,골목상권,11530,구로구,11530550,구로4동,189968.0,443117.0,126.8865674968983,37.487447465983195,83115.0,8.3115,False,2023-06-01
3110713,구로보건소,A,골목상권,11530,구로구,11530560,구로5동,190029.0,444650.0,126.88723646192472,37.50126053650611,250966.0,25.0966,False,2023-06-01
3110714,구로4동주민센터,A,골목상권,11530,구로구,11530550,구로4동,190201.0,443547.0,126.88919631652513,37.491324292092294,140331.0,14.0331,False,2023-06-01
3110715,구로구민회관,A,골목상권,11530,구로구,11530560,구로5동,190138.0,444205.0,126.88847512035312,37.497252236608254,40106.0,4.0106,False,2023-06-01
3110716,구로나눔길,A,골목상권,11530,구로구,11530530,구로2동,190166.0,443834.0,126.8887967156351,37.493909806183304,50788.0,5.0788,False,2023-06-01
3110717,남구로역 2번,A,골목상권,11530,구로구,11530595,가리봉동,190184.0,442766.0,126.88901449779453,37.48428725248046,206144.0,20.6144,False,2023-06-01
3110718,한국SGI본부,A,골목상권,11530,구로구,11530560,구로5동,190345.0,444894.0,126.89080694582861,37.50346234381495,113693.0,11.3693,False,2023-06-01
3110719,영서중학교,A,골목상권,11530,구로구,11530540,구로3동,190505.0,443253.0,126.8926376285482,37.48867850823919,12156.0,1.2156,False,2023-06-01
3110720,대림역 2번,A,골목상권,11530,구로구,11530550,구로4동,190545.0,443726.0,126.8930838436793,37.49294067656652,111299.0,11.1299,False,2023-06-01
3110721,가리봉파출소,A,골목상권,11530,구로구,11530595,가리봉동,190534.0,442240.0,126.8929785581858,37.47955160507585,71977.0,7.1977,False,2023-06-01
3110722,G타워,A,골목상권,11530,구로구,11530540,구로3동,190905.0,442315.0,126.89717210666007,37.48023108566832,84987.0,8.4987,False,2023-06-01
3110723,가산디지털단지역 1번 출입구,A,골목상권,11545,금천구,11545510,가산동,189704.0,442648.0,126.88358899345967,37.48321884180937,42837.0,4.2837,False,2023-06-01
3110724,금천구립가산도서관,A,골목상권,11545,금천구,11545510,가산동,190323.0,441521.0,126.89060246530481,37.47307117199795,64563.0,6.4563,False,2023-06-01
3110725,가산동주민센터,A,골목상권,11545,금천구,11545510,가산동,190311.0,442041.0,126.89045996878515,37.47775628914016,39903.0,3.9903,False,2023-06-01
3110726,금천철쭉어린이공원(금하마을),A,골목상권,11545,금천구,11545610,독산1동,190327.0,439326.0,126.89067648369537,37.453294041950194,44361.0,4.4361,False,2023-06-01
3110727,독산역 1번 출입구,A,골목상권,11545,금천구,11545610,독산1동,190387.0,440588.0,126.89133814646807,37.464665423228936,106562.0,10.6562,False,2023-06-01
3110728,두산초등학교,A,골목상권,11545,금천구,11545610,독산1동,190428.0,440885.0,126.89179773823666,37.467341847319624,50102.0,5.0102,False,2023-06-01
3110729,가산동우체국,A,골목상권,11545,금천구,11545510,가산동,190558.0,442071.0,126.89325206486157,37.47802914735381,85219.0,8.5219,False,2023-06-01
3110730,서울축산농협 독산역지점(독산파출소),A,골목상권,11545,금천구,11545610,독산1동,190703.0,440614.0,126.89490976198267,37.46490291634407,115670.0,11.567,False,2023-06-01
3110731,금천구청역 1번 출입구,A,골목상권,11545,금천구,11545670,시흥1동,190837.0,439525.0,126.89643798420313,37.45509224642482,161006.0,16.1006,False,2023-06-01
3110732,가산초등학교(세일중학교),A,골목상권,11545,금천구,11545610,독산1동,190933.0,441835.0,126.89749458115399,37.47590652218909,134081.0,13.4081,False,2023-06-01
3110733,금천어울림복지센터,A,골목상권,11545,금천구,11545670,시흥1동,190931.0,439912.0,126.89749563002157,37.45858008627716,36821.0,3.6821,False,2023-06-01
3110734,금천파출소,A,골목상권,11545,금천구,11545670,시흥1동,191062.0,439366.0,126.89898290125224,37.4536618388747,16742.0,1.6742,False,2023-06-01
3110735,말미고개,A,골목상권,11545,금천구,11545620,독산2동,191078.0,440370.0,126.89915158569924,37.46270814493794,180092.0,18.0092,False,2023-06-01
3110736,독산119안전센터,A,골목상권,11545,금천구,11545640,독산4동,191226.0,440910.0,126.90081805088212,37.467575015279316,124454.0,12.4454,False,2023-06-01
3110737,금천세무서,A,골목상권,11545,금천구,11545630,독산3동,191235.0,441904.0,126.90090796494141,37.47653113055929,84015.0,8.4015,False,2023-06-01
3110738,문성초등학교,A,골목상권,11545,금천구,11545630,독산3동,191269.0,441435.0,126.90129790602948,37.47230572150674,114069.0,11.4069,False,2023-06-01
3110739,시흥3동 우편취급국,A,골목상권,11545,금천구,11545690,시흥3동,191402.0,437977.0,126.9028417553997,37.44114999220161,20887.0,2.0887,False,2023-06-01
3110740,금천해태공원,A,골목상권,11545,금천구,11545670,시흥1동,191288.0,439917.0,126.9015306365172,37.458628567851314,148638.0,14.8638,False,2023-06-01
3110741,독산2동주민센터,A,골목상권,11545,금천구,11545620,독산2동,191304.0,440495.0,126.9017046630443,37.46383656037712,96407.0,9.6407,False,2023-06-01
3110742,KT금천빌딩(금천구시설관리공단),A,골목상권,11545,금천구,11545670,시흥1동,191404.0,438635.0,126.90285669090922,37.44707867875507,35970.0,3.597,False,2023-06-01
3110743,시흥초등학교(시흥1동우체국),A,골목상권,11545,금천구,11545670,시흥1동,191533.0,439560.0,126.90430389990252,37.455414231930376,121078.0,12.1078,False,2023-06-01
3110744,독산동성당,A,골목상권,11545,금천구,11545640,독산4동,191524.0,441254.0,126.90418270467565,37.47067726760031,207152.0,20.7152,False,2023-06-01
3110745,독산동정훈단지,A,골목상권,11545,금천구,11545620,독산2동,191510.0,440729.0,126.90403048852794,37.465946838220745,79548.0,7.9548,False,2023-06-01
3110746,금천금빛공원(은행나무사거리서측),A,골목상권,11545,금천구,11545670,시흥1동,191548.0,439156.0,126.90447806264056,37.451774280749866,57787.0,5.7787,False,2023-06-01
3110747,석수역 1번 출입구,A,골목상권,11545,금천구,11545690,시흥3동,191566.0,437249.0,126.90470328680738,37.434592116379925,72218.0,7.2218,False,2023-06-01
3110748,백산초등학교,A,골목상권,11545,금천구,11545710,시흥5동,191556.0,438797.0,126.90457258515922,37.44853971894325,70150.0,7.015,False,2023-06-01
3110749,금산초등학교(금천고등학교),A,골목상권,11545,금천구,11545690,시흥3동,191606.0,438077.0,126.90514583518657,37.44205287842806,145627.0,14.5627,False,2023-06-01
3110750,시흥4동주민센터(서울신흥초등학교),A,골목상권,11545,금천구,11545700,시흥4동,191736.0,439818.0,126.90659536161544,37.45774067731843,113692.0,11.3692,False,2023-06-01
3110751,난곡중학교,A,골목상권,11545,금천구,11545630,독산3동,191767.0,442077.0,126.90692050938257,37.478094765987855,142894.0,14.2894,False,2023-06-01
3110752,한울중학교,A,골목상권,11545,금천구,11545700,시흥4동,191944.0,440258.0,126.90894149141715,37.46170696106102,160859.0,16.0859,False,2023-06-01
3110753,시흥동 은행나무사거리,A,골목상권,11545,금천구,11545710,시흥5동,191899.0,438831.0,126.90844852214404,37.448849129517484,177282.0,17.7282,False,2023-06-01
3110754,삼성산자연공원(서울금천초등학교),A,골목상권,11545,금천구,11545710,시흥5동,191973.0,439318.0,126.90927951506087,37.45323770513349,134370.0,13.437,False,2023-06-01
3110755,동일여자고등학교,A,골목상권,11545,금천구,11545680,시흥2동,192287.0,439057.0,126.91283104206265,37.450888733598944,59664.0,5.9664,False,2023-06-01
3110756,문래중학교,A,골목상권,11560,영등포구,11560610,양평1동,189708.0,447052.0,126.88357261885126,37.522899093439484,49828.0,4.9828,False,2023-06-01
3110757,양평역 2번,A,골목상권,11560,영등포구,11560610,양평1동,189756.0,447266.0,126.88411263138478,37.52482776880637,73590.0,7.359,False,2023-06-01
3110758,문래소공원,A,골목상권,11560,영등포구,11560605,문래동,189992.0,446829.0,126.88678837498098,37.520892984496676,38867.0,3.8867,False,2023-06-01
3110759,문래예술촌(문래창작촌),A,골목상권,11560,영등포구,11560605,문래동,190404.0,446148.0,126.89145784534139,37.51476153773369,299716.0,29.9716,False,2023-06-01
3110760,선유도역 6번,A,골목상권,11560,영등포구,11560620,양평2동,190490.0,448546.0,126.8923995782909,37.53636842259126,153365.0,15.3365,False,2023-06-01
3110761,문래동남성맨션,A,골목상권,11560,영등포구,11560605,문래동,190472.0,445802.0,126.8922314874462,37.51164477336153,31681.0,3.1681,False,2023-06-01
3110762,선유도역 1번,A,골목상권,11560,영등포구,11560620,양평2동,190523.0,448983.0,126.89276731629221,37.54030612643675,342694.0,34.2694,False,2023-06-01
3110763,영등포구청역 2번,A,골목상권,11560,영등포구,11560550,당산1동,190681.0,447439.0,126.89457467467587,37.52639630411188,33508.0,3.3508,False,2023-06-01
3110764,문래역 3번,A,골목상권,11560,영등포구,11560550,당산1동,190693.0,446831.0,126.8947181280213,37.5209183392402,18152.0,1.8152,False,2023-06-01
3110765,문래동사거리,A,골목상권,11560,영등포구,11560605,문래동,190762.0,445778.0,126.89551189177723,37.51143147978316,81024.0,8.1024,False,2023-06-01
3110766,대림역 5번,A,골목상권,11560,영등포구,11560720,대림3동,190843.0,444085.0,126.89644912574246,37.49617828778581,94929.0,9.4929,False,2023-06-01
3110767,도림동주민센터,A,골목상권,11560,영등포구,11560585,도림동,190819.0,445634.0,126.89615839728758,37.51013460401674,27268.0,2.7268,False,2023-06-01
3110768,도림2동유수지내체육시설,A,골목상권,11560,영등포구,11560585,도림동,190898.0,445288.0,126.89705620583149,37.50701791453163,51407.0,5.1407,False,2023-06-01
3110769,대림차이나타운(대림역 12번),A,골목상권,11560,영등포구,11560710,대림2동,190902.0,443500.0,126.897123549334,37.49090798762757,35768.0,3.5768,False,2023-06-01
3110770,영등포구청역 6번,A,골목상권,11560,영등포구,11560550,당산1동,190958.0,447050.0,126.8977131408656,37.52289416624772,47293.0,4.7293,False,2023-06-01
3110771,대림역 11번,A,골목상권,11560,영등포구,11560710,대림2동,191056.0,443667.0,126.89886288683688,37.49241417115333,24375.0,2.4375,False,2023-06-01
3110772,신우어린이공원,A,골목상권,11560,영등포구,11560720,대림3동,191051.0,444852.0,126.89879193948063,37.503091032702436,40126.0,4.0126,False,2023-06-01
3110773,당산역 13번,A,골목상권,11560,영등포구,11560620,양평2동,191087.0,448516.0,126.89915465916836,37.536104084212255,9756.0,0.9756,False,2023-06-01
3110774,당산반도유보라팰리스아파트,A,골목상권,11560,영등포구,11560560,당산2동,191142.0,447658.0,126.89978729477889,37.52837403557624,35052.0,3.5052,False,2023-06-01
3110775,대동초등학교,A,골목상권,11560,영등포구,11560710,대림2동,191264.0,443608.0,126.90121560959554,37.49188456770995,35075.0,3.5075,False,2023-06-01
3110776,도신초등학교,A,골목상권,11560,영등포구,11560720,대림3동,191374.0,444236.0,126.90245209989284,37.497543916533644,113740.0,11.374,False,2023-06-01
3110777,구로세무서,A,골목상권,11560,영등포구,11560605,문래동,191290.0,446070.0,126.90148046698532,37.51406753991584,45358.0,4.5358,False,2023-06-01
3110778,구로디지털단지역 4번,A,골목상권,11560,영등포구,11560710,대림2동,191373.0,443246.0,126.9024523928751,37.48862394904414,204978.0,20.4978,False,2023-06-01
3110779,대림갑을명가아파트,A,골목상권,11560,영등포구,11560700,대림1동,191416.0,444092.0,126.90292873946522,37.49624686012996,13131.0,1.3131,False,2023-06-01
3110780,신길대성유니드아파트,A,골목상권,11560,영등포구,11560670,신길5동,191436.0,444742.0,126.90314734322897,37.502103578000614,87225.0,8.7225,False,2023-06-01
3110781,대림한신아파트,A,골목상권,11560,영등포구,11560700,대림1동,191471.0,443882.0,126.90355313361476,37.494355257863766,84160.0,8.416,False,2023-06-01
3110782,영등포시장역 4번,A,골목상권,11560,영등포구,11560535,영등포동,191491.0,446960.0,126.90374369195787,37.52208833291065,30037.0,3.0037,False,2023-06-01
3110783,영등포시장역 1번,A,골목상권,11560,영등포구,11560535,영등포동,191527.0,447259.0,126.90414748748962,37.52478265792383,49012.0,4.9012,False,2023-06-01
3110784,신대림초등학교,A,골목상권,11560,영등포구,11560700,대림1동,191504.0,443609.0,126.90392945139303,37.49189581579677,37357.0,3.7357,False,2023-06-01
3110785,영등포푸르지오아파트,A,골목상권,11560,영등포구,11560585,도림동,191520.0,445527.0,126.90408827327883,37.50917723442974,109702.0,10.9702,False,2023-06-01
3110786,당산역 8번,A,골목상권,11560,영등포구,11560560,당산2동,191584.0,448284.0,126.90478057162814,37.53401843340846,54674.0,5.4674,False,2023-06-01
3110787,신길3동주민센터,A,골목상권,11560,영등포구,11560650,신길3동,191661.0,445257.0,126.9056860906305,37.50674580860662,95882.0,9.5882,False,2023-06-01
3110788,영등포시장역 3번,A,골목상권,11560,영등포구,11560535,영등포동,191702.0,446987.0,126.90613027820328,37.5223335244728,10464.0,1.0464,False,2023-06-01
3110789,대림성모병원,A,골목상권,11560,영등포구,11560700,대림1동,191713.0,443474.0,126.90629428541271,37.49068135552623,86491.0,8.6491,False,2023-06-01
3110790,대림1동주민센터,A,골목상권,11560,영등포구,11560670,신길5동,191730.0,444244.0,126.9064778631412,37.49761925262686,115306.0,11.5306,False,2023-06-01
3110791,신풍역 3번,A,골목상권,11560,영등포구,11560670,신길5동,191799.0,444488.0,126.90725543678992,37.499818320307874,21697.0,2.1697,False,2023-06-01
3110792,영등포역 2번,A,골목상권,11560,영등포구,11560585,도림동,191832.0,445827.0,126.90761376523392,37.5118830570307,129915.0,12.9915,False,2023-06-01
3110793,대림썬프라자,A,골목상권,11560,영등포구,11560700,대림1동,191840.0,444066.0,126.90772378123606,37.496016441165466,9883.0,0.9883,False,2023-06-01
3110794,영동초등학교,A,골목상권,11560,영등포구,11560560,당산2동,191894.0,447582.0,126.90829568124903,37.527696187530516,81298.0,8.1298,False,2023-06-01
3110795,도림초등학교,A,골목상권,11560,영등포구,11560650,신길3동,191968.0,445494.0,126.90915566223453,37.508883908820515,68722.0,6.8722,False,2023-06-01
3110796,한림대학교한강성심병원,A,골목상권,11560,영등포구,11560535,영등포동,191951.0,447139.0,126.90894538092147,37.52370525181016,24293.0,2.4293,False,2023-06-01
3110797,KT대방빌딩,A,골목상권,11560,영등포구,11560680,신길6동,191953.0,444056.0,126.90900173377088,37.49592733181077,8947.0,0.8947,False,2023-06-01
3110798,신풍역 2번,A,골목상권,11560,영등포구,11560680,신길6동,191968.0,444354.0,126.90916810677217,37.49861245846323,21568.0,2.1568,False,2023-06-01
3110799,영등포본동주민센터,A,골목상권,11560,영등포구,11560515,영등포본동,192045.0,445993.0,126.91002115746201,37.5133805818979,29319.0,2.9319,False,2023-06-01
3110800,영등포동성당,A,골목상권,11560,영등포구,11560535,영등포동,192062.0,446868.0,126.9102039976208,37.52126449893502,33962.0,3.3962,False,2023-06-01
3110801,신풍역 6번(신길6동공영주차장),A,골목상권,11560,영등포구,11560680,신길6동,192138.0,444787.0,126.91108596644,37.502515272435986,14185.0,1.4185,False,2023-06-01
3110802,신길동홍어거리,A,골목상권,11560,영등포구,11560660,신길4동,192263.0,445659.0,126.91249046186994,37.51037308365171,44973.0,4.4973,False,2023-06-01
3110803,신길2동우편취급국,A,골목상권,11560,영등포구,11560515,영등포본동,192220.0,445910.0,126.91200145475082,37.51263424062562,97248.0,9.7248,False,2023-06-01
3110804,신풍역 1번,A,골목상권,11560,영등포구,11560680,신길6동,192291.0,444455.0,126.91281977164202,37.499525225798294,83571.0,8.3571,False,2023-06-01
3110805,신길새마을금고신길4동지점,A,골목상권,11560,영등포구,11560660,신길4동,192281.0,445152.0,126.91269937112708,37.50580514483458,27917.0,2.7917,False,2023-06-01
3110806,서울시립영등포장애인복지관,A,골목상권,11560,영등포구,11560535,영등포동,192318.0,446855.0,126.91310004578511,37.521149534889624,14104.0,1.4104,False,2023-06-01
3110807,신길역 3번,A,골목상권,11560,영등포구,11560535,영등포동,192385.0,446482.0,126.9138618225743,37.51778935216192,44675.0,4.4675,False,2023-06-01
3110808,신길역 1번,A,골목상권,11560,영등포구,11560515,영등포본동,192419.0,446351.0,126.91424776874337,37.51660931876134,31907.0,3.1907,False,2023-06-01
3110809,장훈고등학교,A,골목상권,11560,영등포구,11560515,영등포본동,192541.0,445881.0,126.91563253349037,37.51237559881821,31824.0,3.1824,False,2023-06-01
3110810,영신초등학교,A,골목상권,11560,영등포구,11560630,신길1동,192632.0,445721.0,126.91666342067856,37.51093472408645,117632.0,11.7632,False,2023-06-01
3110811,보라매역 4번,A,골목상권,11560,영등포구,11560680,신길6동,192689.0,444412.0,126.91732113238487,37.49914102939009,44661.0,4.4661,False,2023-06-01
3110812,신길6동주민센터,A,골목상권,11560,영등포구,11560680,신길6동,192681.0,444264.0,126.91723213362454,37.49780747802086,59185.0,5.9185,False,2023-06-01
3110813,보라매역 6번,A,골목상권,11560,영등포구,11560680,신길6동,192848.0,444620.0,126.91911721349928,37.501016364998065,100264.0,10.0264,False,2023-06-01
3110814,서울지방병무청,A,골목상권,11560,영등포구,11560690,신길7동,193077.0,445339.0,126.92170023319778,37.5074963330931,141531.0,14.1531,False,2023-06-01
3110815,공군호텔,A,골목상권,11560,영등포구,11560630,신길1동,193118.0,445802.0,126.92215961474874,37.51166828727732,182950.0,18.295,False,2023-06-01
3110816,대방역 6번,A,골목상권,11560,영등포구,11560630,신길1동,193249.0,446149.0,126.92363813273872,37.51479573586894,92336.0,9.2336,False,2023-06-01
3110817,대방역 4번,A,골목상권,11560,영등포구,11560630,신길1동,193183.0,446027.0,126.92289272549603,37.51369602705829,51645.0,5.1645,False,2023-06-01
3110818,신대방역 3번,A,골목상권,11590,동작구,11590670,신대방1동,192054.0,443037.0,126.91015487331795,37.486746951455196,49264.0,4.9264,False,2023-06-01
3110819,신대방역 4번,A,골목상권,11590,동작구,11590670,신대방1동,192134.0,443262.0,126.91105702584505,37.4887749014073,181264.0,18.1264,False,2023-06-01
3110820,성남고등학교,A,골목상권,11590,동작구,11590660,대방동,193252.0,444990.0,126.92368269875354,37.50435312306174,100016.0,10.0016,False,2023-06-01
3110821,보라매역 2번,A,골목상권,11590,동작구,11590680,신대방2동,193222.0,444165.0,126.92335100919031,37.49691961030963,128484.0,12.8484,False,2023-06-01
3110822,신대방삼거리역 4번(대림초등학교),A,골목상권,11590,동작구,11590660,대방동,193481.0,444719.0,126.92627500021693,37.501913044615975,91041.0,9.1041,False,2023-06-01
3110823,신대방삼거리역 3번,A,골목상권,11590,동작구,11590680,신대방2동,193495.0,443992.0,126.92643975532312,37.49536283268727,88509.0,8.8509,False,2023-06-01
3110824,대방역 3번,A,골목상권,11590,동작구,11590660,대방동,193544.0,445834.0,126.92697769750913,37.51195968542213,46862.0,4.6862,False,2023-06-01
3110825,신대방삼거리역 1번,A,골목상권,11590,동작구,11590550,상도3동,193977.0,444086.0,126.93188956480148,37.49621304659587,182490.0,18.249,False,2023-06-01
3110826,장승배기역 4번,A,골목상권,11590,동작구,11590540,상도2동,194212.0,444888.0,126.93454072724724,37.503440613452014,115676.0,11.5676,False,2023-06-01
3110827,NH농협은행 상도동지점,A,골목상권,11590,동작구,11590560,상도4동,194245.0,444648.0,126.93491581693587,37.501278407235,68956.0,6.8956,False,2023-06-01
3110828,노량진역 6번,A,골목상권,11590,동작구,11590520,노량진2동,194358.0,445728.0,126.93618546819464,37.51100995435799,236972.0,23.6972,False,2023-06-01
3110829,장승배기역 5번,A,골목상권,11590,동작구,11590520,노량진2동,194538.0,445369.0,126.9382240448714,37.50777643176032,92311.0,9.2311,False,2023-06-01
3110830,상도초등학교,A,골목상권,11590,동작구,11590560,상도4동,194593.0,444510.0,126.9388524144752,37.50003712237291,126620.0,12.662,False,2023-06-01
3110831,상도4동주민센터,A,골목상권,11590,동작구,11590560,상도4동,194748.0,444356.0,126.94060640252165,37.49865046785363,56494.0,5.6494,False,2023-06-01
3110832,노량진초등학교,A,골목상권,11590,동작구,11590510,노량진1동,194858.0,445646.0,126.94184134986737,37.510274050941106,100857.0,10.0857,False,2023-06-01
3110833,상도역 2번,A,골목상권,11590,동작구,11590540,상도2동,195157.0,444896.0,126.94522812869425,37.503518132684405,54544.0,5.4544,False,2023-06-01
3110834,동작구자원봉사센터,A,골목상권,11590,동작구,11590510,노량진1동,195216.0,445472.0,126.9458916429242,37.50870822776288,33607.0,3.3607,False,2023-06-01
3110835,상도역 1번,A,골목상권,11590,동작구,11590530,상도1동,195387.0,444723.0,126.94783039548774,37.50196057088938,39906.0,3.9906,False,2023-06-01
3110836,상도역 5번,A,골목상권,11590,동작구,11590530,상도1동,195705.0,444812.0,126.95142621863668,37.50276399922754,239852.0,23.9852,False,2023-06-01
3110837,숭실대입구역 1번,A,골목상권,11590,동작구,11590530,상도1동,195884.0,443947.0,126.95345543447239,37.49497111237887,148274.0,14.8274,False,2023-06-01
3110838,상도1동주민센터앞,A,골목상권,11590,동작구,11590530,상도1동,195911.0,444210.0,126.95375929484113,37.497340879159054,13134.0,1.3134,False,2023-06-01
3110839,숭실대입구역 4번,A,골목상권,11590,동작구,11590530,상도1동,196190.0,443894.0,126.95691601812617,37.49449489146982,68786.0,6.8786,False,2023-06-01
3110840,중앙대학교,A,골목상권,11590,동작구,11590605,흑석동,196335.0,445395.0,126.95854822113017,37.50801957357909,107472.0,10.7472,False,2023-06-01
3110841,중대부중,A,골목상권,11590,동작구,11590605,흑석동,196769.0,445000.0,126.96345856937815,37.504462224407575,60861.0,6.0861,False,2023-06-01
3110842,흑리단길,A,골목상권,11590,동작구,11590605,흑석동,196906.0,445314.0,126.96500666857678,37.507291849424384,29278.0,2.9278,False,2023-06-01
3110843,사당5동주민센터,A,골목상권,11590,동작구,11590651,사당5동,197095.0,442986.0,126.96715345813959,37.48631703280088,42412.0,4.2412,False,2023-06-01
3110844,흑석2치안센터,A,골목상권,11590,동작구,11590605,흑석동,197209.0,445122.0,126.96843434521952,37.50556288530319,25007.0,2.5007,False,2023-06-01
3110845,사당종합체육관,A,골목상권,11590,동작구,11590640,사당3동,197367.0,443492.0,126.97022712492593,37.4908769469945,33058.0,3.3058,False,2023-06-01
3110846,남성역 1번,A,골목상권,11590,동작구,11590650,사당4동,197550.0,442407.0,126.97230002266339,37.48110151178665,212396.0,21.2396,False,2023-06-01
3110847,예술인마을,A,골목상권,11590,동작구,11590620,사당1동,197545.0,441956.0,126.97224499506835,37.47703794693819,104588.0,10.4588,False,2023-06-01
3110848,양지어린이공원,A,골목상권,11590,동작구,11590620,사당1동,197855.0,442468.0,126.97574820925159,37.48165188532674,116036.0,11.6036,False,2023-06-01
3110849,이수역 10번,A,골목상권,11590,동작구,11590640,사당3동,197978.0,442939.0,126.97713757819872,37.48589591278583,119168.0,11.9168,False,2023-06-01
3110850,사당역 10번,A,골목상권,11590,동작구,11590620,사당1동,198068.0,442220.0,126.97815707930889,37.47941785268017,202958.0,20.2958,False,2023-06-01
3110851,경문고등학교(동작동성당),A,골목상권,11590,동작구,11590630,사당2동,198202.0,443594.0,126.97966870982559,37.49179797665948,115412.0,11.5412,False,2023-06-01
3110852,이수역 9번,A,골목상권,11590,동작구,11590620,사당1동,198205.0,442660.0,126.97970490974781,37.48338256808459,44183.0,4.4183,False,2023-06-01
3110853,KT구로지사,A,골목상권,11620,관악구,11620725,조원동,191353.0,442391.0,126.90223628689685,37.480920151071786,80033.0,8.0033,False,2023-06-01
3110854,조원동주민센터,A,골목상권,11620,관악구,11620725,조원동,191838.0,442556.0,126.9077179028609,37.48241122379159,47109.0,4.7109,False,2023-06-01
3110855,신대방역 2번,A,골목상권,11620,관악구,11620725,조원동,192238.0,442777.0,126.91223809257642,37.48440589633414,155155.0,15.5155,False,2023-06-01
3110856,미성초등학교,A,골목상권,11620,관악구,11620765,미성동,192319.0,442269.0,126.91315922448237,37.4798294533319,127503.0,12.7503,False,2023-06-01
3110857,미성동주민센터,A,골목상권,11620,관악구,11620765,미성동,192423.0,441763.0,126.91434024298772,37.47527120842032,113505.0,11.3505,False,2023-06-01
3110858,신대방역 1번,A,골목상권,11620,관악구,11620685,신사동,192456.0,443061.0,126.9147000217764,37.48696656228029,23709.0,2.3709,False,2023-06-01
3110859,난향초등학교,A,골목상권,11620,관악구,11620715,난향동,192625.0,440416.0,126.91663737639183,37.46313623883309,77274.0,7.7274,False,2023-06-01
3110860,호림박물관(성보고등학교),A,골목상권,11620,관악구,11620765,미성동,192858.0,442483.0,126.91925103502282,37.4817619325088,69058.0,6.9058,False,2023-06-01
3110861,관악구신사동주민센터,A,골목상권,11620,관악구,11620685,신사동,192729.0,442721.0,126.91779018557308,37.48390532533864,200822.0,20.0822,False,2023-06-01
3110862,난곡초등학교(난곡동벽화마을),A,골목상권,11620,관악구,11620775,난곡동,192771.0,441384.0,126.91827817871298,37.47185916997888,58047.0,5.8047,False,2023-06-01
3110863,난우초등학교,A,골목상권,11620,관악구,11620765,미성동,192760.0,441872.0,126.91814903209783,37.476256008663164,109345.0,10.9345,False,2023-06-01
3110864,신림우방아파트,A,골목상권,11620,관악구,11620685,신사동,192874.0,443085.0,126.91942610947652,37.487186121792966,106563.0,10.6563,False,2023-06-01
3110865,남강고등학교(남강중학교),A,골목상권,11620,관악구,11620775,난곡동,193005.0,441570.0,126.9209217152933,37.4735368474159,181632.0,18.1632,False,2023-06-01
3110866,난우중학교,A,골목상권,11620,관악구,11620775,난곡동,193145.0,441089.0,126.92250888426973,37.46920403947175,139406.0,13.9406,False,2023-06-01
3110867,국제신학대학원대학교(남서울중학교),A,골목상권,11620,관악구,11620655,신원동,193263.0,442535.0,126.92382957139127,37.48223349741028,95938.0,9.5938,False,2023-06-01
3110868,남부초등학교,A,골목상권,11620,관악구,11620685,신사동,193212.0,442810.0,126.92325041694514,37.48471089583402,87679.0,8.7679,False,2023-06-01
3110869,"신림역 5번(신림동주민센터, 신림동별빛거리)",A,골목상권,11620,관악구,11620695,신림동,193410.0,443070.0,126.92548680651532,37.48705494844134,194701.0,19.4701,False,2023-06-01
3110870,신림주공2단지(광신고등학교),A,골목상권,11620,관악구,11620745,삼성동,193495.0,440449.0,126.9264710410524,37.46344010043719,26565.0,2.6565,False,2023-06-01
3110871,신원동주민센터,A,골목상권,11620,관악구,11620655,신원동,193568.0,442344.0,126.92727965292673,37.480514744463946,49950.0,4.995,False,2023-06-01
3110872,신림초등학교,A,골목상권,11620,관악구,11620655,신원동,193607.0,442092.0,126.92772277446322,37.47824447345308,53857.0,5.3857,False,2023-06-01
3110873,당곡중학교,A,골목상권,11620,관악구,11620525,보라매동,193763.0,443532.0,126.92947426466795,37.49122005112181,132683.0,13.2683,False,2023-06-01
3110874,원신초등학교(구세군관악영문교회),A,골목상권,11620,관악구,11620745,삼성동,193872.0,440965.0,126.93072815026238,37.468091890320174,110847.0,11.0847,False,2023-06-01
3110875,보라매동주민센터(당곡고등학교),A,골목상권,11620,관악구,11620525,보라매동,194004.0,443276.0,126.93220148830396,37.48891506852863,62226.0,6.2226,False,2023-06-01
3110876,서원동주민센터(신관중학교),A,골목상권,11620,관악구,11620645,서원동,194029.0,442218.0,126.93249274791117,37.47938256659256,59122.0,5.9122,False,2023-06-01
3110877,신림역 8번,A,골목상권,11620,관악구,11620695,신림동,194080.0,442990.0,126.93306314109566,37.486338677384005,103978.0,10.3978,False,2023-06-01
3110878,미림여고,A,골목상권,11620,관악구,11620745,삼성동,194051.0,440617.0,126.93275440086092,37.46495754220918,45308.0,4.5308,False,2023-06-01
3110879,신림현대아파트,A,골목상권,11620,관악구,11620745,삼성동,194114.0,441623.0,126.93345849830322,37.474022107726725,51568.0,5.1568,False,2023-06-01
3110880,신림역 1번,A,골목상권,11620,관악구,11620645,서원동,194115.0,442727.0,126.93346098403164,37.483969250450926,38288.0,3.8288,False,2023-06-01
3110881,구립대학경로당(관악산샘말공원),A,골목상권,11620,관악구,11620735,대학동,194358.0,440921.0,126.93622230217937,37.46769853856896,234224.0,23.4224,False,2023-06-01
3110882,신성초등학교,A,골목상권,11620,관악구,11620665,서림동,194361.0,441512.0,126.93625169251655,37.47302352654698,147004.0,14.7004,False,2023-06-01
3110883,은천초등학교(은천교앞),A,골목상권,11620,관악구,11620525,보라매동,194431.0,443088.0,126.93703112025752,37.48722384666446,111515.0,11.1515,False,2023-06-01
3110884,봉천역 4번(봉천110안전센터),A,골목상권,11620,관악구,11620605,은천동,194626.0,442864.0,126.939237625622,37.48520674391997,43849.0,4.3849,False,2023-06-01
3110885,영락고등학교,A,골목상권,11620,관악구,11620665,서림동,194629.0,441770.0,126.93927952242271,37.47534972690625,138911.0,13.8911,False,2023-06-01
3110886,관악해태어린이공원,A,골목상권,11620,관악구,11620665,서림동,194687.0,441400.0,126.9399378941327,37.472016326327115,78673.0,7.8673,False,2023-06-01
3110887,서울산업정보학교(서울삼성초등학교),A,골목상권,11620,관악구,11620735,대학동,194840.0,441125.0,126.94166944457949,37.469539414987366,56397.0,5.6397,False,2023-06-01
3110888,청룡동주민센터,A,골목상권,11620,관악구,11620595,청룡동,195012.0,442181.0,126.943606647153,37.479055020349676,38688.0,3.8688,False,2023-06-01
3110889,봉천역 6번,A,골목상권,11620,관악구,11620605,은천동,195155.0,442768.0,126.94521951542797,37.484344700880506,42797.0,4.2797,False,2023-06-01
3110890,봉천역 1번(관악초등학교),A,골목상권,11620,관악구,11620595,청룡동,195190.0,442296.0,126.94561832862226,37.48009212387396,53715.0,5.3715,False,2023-06-01
3110891,구암초등학교,A,골목상권,11620,관악구,11620565,성현동,195414.0,443215.0,126.94814514042761,37.48837352740459,40509.0,4.0509,False,2023-06-01
3110892,관악구 중앙길,A,골목상권,11620,관악구,11620615,중앙동,195677.0,442761.0,126.95112160044742,37.48428421938921,259916.0,25.9916,False,2023-06-01
3110893,관악소방서(문영여고),A,골목상권,11620,관악구,11620595,청룡동,195802.0,441665.0,126.95254116974402,37.474409737275266,16048.0,1.6048,False,2023-06-01
3110894,관악동부센트레빌아파트(은천로35라길),A,골목상권,11620,관악구,11620565,성현동,195881.0,443185.0,126.95342577306626,37.48810542474507,30920.0,3.092,False,2023-06-01
3110895,샤로수길,A,골목상권,11620,관악구,11620585,낙성대동,196117.0,441883.0,126.9561011279272,37.476375314896366,315417.0,31.5417,False,2023-06-01
3110896,관악우성아파트,A,골목상권,11620,관악구,11620575,행운동,196226.0,442968.0,126.95732785728269,37.48615171112522,23731.0,2.3731,False,2023-06-01
3110897,서울대입구역 8번,A,골목상권,11620,관악구,11620575,행운동,196233.0,442468.0,126.9574095627303,37.481646697995174,115911.0,11.5911,False,2023-06-01
3110898,청림동주민센터(상도중학교),A,골목상권,11620,관악구,11620545,청림동,196323.0,443504.0,126.95842194720207,37.49098150308946,57942.0,5.7942,False,2023-06-01
3110899,낙성대역 5번(관악중학교),A,골목상권,11620,관악구,11620575,행운동,196737.0,442198.0,126.96310907993899,37.47921589054091,73363.0,7.3363,False,2023-06-01
3110900,낙성대역 1번(관악구민 종합체육센터),A,골목상권,11620,관악구,11620625,인헌동,196764.0,441656.0,126.96341671782606,37.47433251400472,111817.0,11.1817,False,2023-06-01
3110901,인헌고등학교(인헌중학교),A,골목상권,11620,관악구,11620625,인헌동,197183.0,441216.0,126.96815523319417,37.47036944067155,92180.0,9.218,False,2023-06-01
3110902,사당역 4번,A,골목상권,11620,관악구,11620630,남현동,198001.0,441642.0,126.97740115501244,37.47420987472621,250733.0,25.0733,False,2023-06-01
3110903,방배아이파크아파트,A,골목상권,11650,서초구,11650590,방배본동,198645.0,443636.0,126.9846779546624,37.492177155599194,92803.0,9.2803,False,2023-06-01
3110904,이수역 5번,A,골목상권,11650,서초구,11650610,방배2동,198658.0,442868.0,126.98482635555199,37.485257434520655,47127.0,4.7127,False,2023-06-01
3110905,방배노인종합복지관(이수중학교),A,골목상권,11650,서초구,11650610,방배2동,198767.0,442486.0,126.98605942962956,37.48181573345787,76869.0,7.6869,False,2023-06-01
3110906,서문여고,A,골목상권,11650,서초구,11650621,방배4동,198789.0,443409.0,126.98630664868185,37.490132068641564,37319.0,3.7319,False,2023-06-01
3110907,방배초등학교,A,골목상권,11650,서초구,11650621,방배4동,198700.0,443064.0,126.98530089260095,37.48702347065644,103888.0,10.3888,False,2023-06-01
3110908,구반포역,A,골목상권,11650,서초구,11650550,반포본동,198833.0,444737.0,126.98680207203513,37.50209749418172,28724.0,2.8724,False,2023-06-01
3110909,남태령역(서울전자고등학교),A,골목상권,11650,서초구,11650610,방배2동,199023.0,440767.0,126.98895610133266,37.466327676350865,73654.0,7.3654,False,2023-06-01
3110910,내방역 5번,A,골목상권,11650,서초구,11650621,방배4동,199070.0,443205.0,126.98948430655275,37.48829433835864,60073.0,6.0073,False,2023-06-01
3110911,방배배수지체육공원,A,골목상권,11650,서초구,11650620,방배3동,199100.0,441477.0,126.98982563370721,37.4727249309623,282743.0,28.2743,False,2023-06-01
3110912,방배동사이길,A,골목상권,11650,서초구,11650590,방배본동,199133.0,443860.0,126.99019588863591,37.49419599842058,26478.0,2.6478,False,2023-06-01
3110913,방현초등학교(방배119안전센터),A,골목상권,11650,서초구,11650620,방배3동,198951.0,441910.0,126.98814059443518,37.476626147125884,148771.0,14.8771,False,2023-06-01
3110914,내방역 6번,A,골목상권,11650,서초구,11650621,방배4동,199218.0,443346.0,126.99115762197951,37.48956489646453,16286.0,1.6286,False,2023-06-01
3110915,서래초등학교,A,골목상권,11650,서초구,11650590,방배본동,199372.0,443950.0,126.99289844460694,37.49500709804247,76657.0,7.6657,False,2023-06-01
3110916,내방역 4번,A,골목상권,11650,서초구,11650600,방배1동,199314.0,442867.0,126.9922435775226,37.48524914419549,103116.0,10.3116,False,2023-06-01
3110917,서초소방서,A,골목상권,11650,서초구,11650581,반포4동,199357.0,444216.0,126.99272858909922,37.49740376554302,48294.0,4.8294,False,2023-06-01
3110918,방배역 3번,A,골목상권,11650,서초구,11650600,방배1동,199432.0,442516.0,126.99357804332584,37.482086684004976,62846.0,6.2846,False,2023-06-01
3110919,내방역 8번,A,골목상권,11650,서초구,11650621,방배4동,199552.0,443466.0,126.99493421679534,37.49064632792381,88173.0,8.8173,False,2023-06-01
3110920,방배역 2번(백석예술대학교),A,골목상권,11650,서초구,11650620,방배3동,199665.0,442337.0,126.99621248371437,37.48047399173762,15874.0,1.5874,False,2023-06-01
3110921,서울프랑스학교,A,골목상권,11650,서초구,11650581,반포4동,199704.0,444220.0,126.99665266148172,37.49743998216354,35625.0,3.5625,False,2023-06-01
3110922,내방역 1번,A,골목상권,11650,서초구,11650600,방배1동,199733.0,442978.0,126.99698106061803,37.486249479446215,62116.0,6.2116,False,2023-06-01
3110923,방배역 1번,A,골목상권,11650,서초구,11650620,방배3동,199982.0,442335.0,126.99979649171095,37.48045603208589,14707.0,1.4707,False,2023-06-01
3110924,반포4동주민센터(몽마르뜨공원),A,골목상권,11650,서초구,11650581,반포4동,200061.0,444151.0,127.00068981742254,37.49681833304279,75392.0,7.5392,False,2023-06-01
3110925,서초중학교,A,골목상권,11650,서초구,11650530,서초3동,200617.0,443038.0,127.00697640080863,37.486789916956155,71878.0,7.1878,False,2023-06-01
3110926,신중초등학교,A,골목상권,11650,서초구,11650530,서초3동,200709.0,442463.0,127.00801608855258,37.481609051888285,98883.0,9.8883,False,2023-06-01
3110927,잠원역,A,골목상권,11650,서초구,11650540,잠원동,200988.0,445925.0,127.01117516268239,37.51280164204224,60236.0,6.0236,False,2023-06-01
3110928,서초우방유쉘아파트,A,골목상권,11650,서초구,11650530,서초3동,201045.0,443283.0,127.01181613180503,37.48899700158291,22283.0,2.2283,False,2023-06-01
3110929,남부터미널역 1번,A,골목상권,11650,서초구,11650510,서초1동,201821.0,443233.0,127.0205904749969,37.488545294287164,186714.0,18.6714,False,2023-06-01
3110930,서초동성당,A,골목상권,11650,서초구,11650510,서초1동,201869.0,443675.0,127.02113434425962,37.492527651650285,98532.0,9.8532,False,2023-06-01
3110931,삼성전자서울R&D(서울우면초등학교),A,골목상권,11650,서초구,11650651,양재1동,201846.0,440746.0,127.0208669243756,37.46613713766655,44205.0,4.4205,False,2023-06-01
3110932,서울시인재개발원,A,골목상권,11650,서초구,11650510,서초1동,202047.0,442729.0,127.02314450898051,37.484003740207235,40038.0,4.0038,False,2023-06-01
3110933,한국상담대학원대학교,A,골목상권,11650,서초구,11650510,서초1동,202095.0,443011.0,127.02368802557322,37.48654447605476,24916.0,2.4916,False,2023-06-01
3110934,우면주공아파트,A,골목상권,11650,서초구,11650651,양재1동,202315.0,441057.0,127.0261694107128,37.46893822677534,80617.0,8.0617,False,2023-06-01
3110935,한전아트센터,A,골목상권,11650,서초구,11650520,서초2동,202358.0,442988.0,127.02666167514549,37.48633661055006,32304.0,3.2304,False,2023-06-01
3110936,더케이호텔(양재리본타워2단지아파트),A,골목상권,11650,서초구,11650652,양재2동,203096.0,440710.0,127.03499659545143,37.46580943377969,43233.0,4.3233,False,2023-06-01
3110937,방아다리근린공원(횃불트리니티신학대학원대학교),A,골목상권,11650,서초구,11650651,양재1동,203216.0,442094.0,127.03635909218848,37.478279005692414,40444.0,4.0444,False,2023-06-01
3110938,바우뫼공원,A,골목상권,11650,서초구,11650651,양재1동,203215.0,441748.0,127.03634627667483,37.47516151628936,38156.0,3.8156,False,2023-06-01
3110939,양재역 8번(양재동우체국),A,골목상권,11650,서초구,11650651,양재1동,203504.0,442512.0,127.039617117924,37.482044176264615,218114.0,21.8114,False,2023-06-01
3110940,양재근린공원(양재2동주민센터),A,골목상권,11650,서초구,11650652,양재2동,203594.0,441388.0,127.040629197627,37.4719164848282,32454.0,3.2454,False,2023-06-01
3110941,언남고등학교,A,골목상권,11650,서초구,11650652,양재2동,203702.0,441596.0,127.04185115304315,37.473790159597726,23167.0,2.3167,False,2023-06-01
3110942,염곡동 구룡사(포이동성당),A,골목상권,11650,서초구,11650652,양재2동,204060.0,441129.0,127.04589577327451,37.46958093935619,252432.0,25.2432,False,2023-06-01
3110943,법제교육센터(버들어린이공원),A,골목상권,11650,서초구,11650652,양재2동,204103.0,441561.0,127.04638426652959,37.473473113549986,57521.0,5.7521,False,2023-06-01
3110944,서울나래학교(염곡어린이공원),A,골목상권,11650,서초구,11650660,내곡동,204555.0,440360.0,127.05148668646534,37.462649859365946,70228.0,7.0228,False,2023-06-01
3110945,본마을노인복지센터(서초구립내곡도서관),A,골목상권,11650,서초구,11650660,내곡동,204653.0,439500.0,127.05258898631534,37.454900667942724,104024.0,10.4024,False,2023-06-01
3110946,청계산원터골,A,골목상권,11650,서초구,11650652,양재2동,204990.0,438236.0,127.05638926596038,37.44351010165326,17189.0,1.7189,False,2023-06-01
3110947,청계산입구역 2번(내곡동주민센터),A,골목상권,11650,서초구,11650660,내곡동,205203.0,438567.0,127.05879859538985,37.44649128532737,84941.0,8.4941,False,2023-06-01
3110948,헌인가구단지,A,골목상권,11650,서초구,11650660,내곡동,207939.0,439987.0,127.08973311889434,37.45926623271263,198674.0,19.8674,False,2023-06-01
3110949,한남IC,A,골목상권,11680,강남구,11680510,신사동,201701.0,446824.0,127.01924190902565,37.5209006251852,62126.0,6.2126,False,2023-06-01
3110950,논현역 7번,A,골목상권,11680,강남구,11680521,논현1동,202115.0,446018.0,127.0239228062542,37.51363768191555,46164.0,4.6164,False,2023-06-01
3110951,신사은행나무공원,A,골목상권,11680,강남구,11680510,신사동,202237.0,446807.0,127.02530515090477,37.5207463112653,29000.0,2.9,False,2023-06-01
3110952,논현목련공원,A,골목상권,11680,강남구,11680521,논현1동,202337.0,445761.0,127.02643303571325,37.51132156606233,21629.0,2.1629,False,2023-06-01
3110953,학동근린공원,A,골목상권,11680,강남구,11680521,논현1동,202401.0,446272.0,127.0271585868226,37.51592553199245,92947.0,9.2947,False,2023-06-01
3110954,국기원,A,골목상권,11680,강남구,11680640,역삼1동,202530.0,444776.0,127.02861260731487,37.5024461585258,39799.0,3.9799,False,2023-06-01
3110955,논현초등학교,A,골목상권,11680,강남구,11680521,논현1동,202603.0,445503.0,127.02944076055608,37.50899626298266,190913.0,19.0913,False,2023-06-01
3110956,언주역 8번,A,골목상권,11680,강남구,11680640,역삼1동,202762.0,445017.0,127.03123727641658,37.504616917017394,71587.0,7.1587,False,2023-06-01
3110957,언북중학교,A,골목상권,11680,강남구,11680531,논현2동,202797.0,446468.0,127.03163863224628,37.517690383820174,94815.0,9.4815,False,2023-06-01
3110958,역삼역 4번,A,골목상권,11680,강남구,11680640,역삼1동,202887.0,444846.0,127.03265031254904,37.503075815503784,73119.0,7.3119,False,2023-06-01
3110959,신구중학교,A,골목상권,11680,강남구,11680545,압구정동,202859.0,447326.0,127.03234329010431,37.52542079692009,35960.0,3.596,False,2023-06-01
3110960,은광여고,A,골목상권,11680,강남구,11680655,도곡1동,203027.0,443113.0,127.03422650536997,37.487460921367166,25543.0,2.5543,False,2023-06-01
3110961,언주역 3번,A,골목상권,11680,강남구,11680531,논현2동,203028.0,445716.0,127.03424852226995,37.510914106579804,63031.0,6.3031,False,2023-06-01
3110962,도산공원북측,A,골목상권,11680,강남구,11680545,압구정동,203103.0,447371.0,127.0351038023964,37.52582545966119,10044.0,1.0044,False,2023-06-01
3110963,역삼월드메르디앙아파트,A,골목상권,11680,강남구,11680640,역삼1동,203282.0,443673.0,127.03711230427795,37.49250569272521,40391.0,4.0391,False,2023-06-01
3110964,싸리고개근린공원,A,골목상권,11680,강남구,11680655,도곡1동,203329.0,443418.0,127.0376426192485,37.49020795608298,21894.0,2.1894,False,2023-06-01
3110965,언주역 6번,A,골목상권,11680,강남구,11680640,역삼1동,203346.0,445193.0,127.03784291613287,37.50620075478968,65108.0,6.5108,False,2023-06-01
3110966,논현2동주민센터,A,골목상권,11680,강남구,11680531,논현2동,203386.0,446575.0,127.0383016744867,37.51865248460234,93545.0,9.3545,False,2023-06-01
3110967,역삼역 8번,A,골목상권,11680,강남구,11680640,역삼1동,203374.0,445011.0,127.03815875854609,37.504560823627436,68672.0,6.8672,False,2023-06-01
3110968,강남구청역 2번,A,골목상권,11680,강남구,11680531,논현2동,203552.0,446131.0,127.04017728415388,37.51465140584849,43750.0,4.375,False,2023-06-01
3110969,베르사이유1아파트,A,골목상권,11680,강남구,11680650,역삼2동,203564.0,444383.0,127.04030454992464,37.49890179454245,55302.0,5.5302,False,2023-06-01
3110970,학동초등학교,A,골목상권,11680,강남구,11680531,논현2동,203644.0,445789.0,127.04121621721026,37.511569614001736,50014.0,5.0014,False,2023-06-01
3110971,선정릉역 4번,A,골목상권,11680,강남구,11680640,역삼1동,203791.0,445313.0,127.04287643755762,37.5072802410404,133222.0,13.3222,False,2023-06-01
3110972,강남세브란스병원미래의학연구센터,A,골목상권,11680,강남구,11680650,역삼2동,203759.0,443901.0,127.04250730304776,37.494558170853914,46603.0,4.6603,False,2023-06-01
3110973,강남구청역 4번,A,골목상권,11680,강남구,11680565,청담동,203850.0,446594.0,127.04355043686783,37.51882185650877,66136.0,6.6136,False,2023-06-01
3110974,언주중학교,A,골목상권,11680,강남구,11680590,삼성2동,203972.0,446014.0,127.04492734334148,37.51359552005424,35151.0,3.5151,False,2023-06-01
3110975,매봉역 1번,A,골목상권,11680,강남구,11680655,도곡1동,203984.0,443063.0,127.0450470995714,37.487006787178316,52363.0,5.2363,False,2023-06-01
3110976,언북초등학교,A,골목상권,11680,강남구,11680565,청담동,204115.0,446924.0,127.04654991056024,37.52179402216612,55724.0,5.5724,False,2023-06-01
3110977,논현로18길,A,골목상권,11680,강남구,11680690,개포4동,204154.0,442000.0,127.04696329450167,37.477428317855704,17288.0,1.7288,False,2023-06-01
3110978,도곡2동주민센터(대치중학교),A,골목상권,11680,강남구,11680656,도곡2동,204135.0,442692.0,127.04675237342548,37.48366338393051,14234.0,1.4234,False,2023-06-01
3110979,청담초등학교,A,골목상권,11680,강남구,11680565,청담동,204205.0,447539.0,127.04757153112561,37.52733477917357,63403.0,6.3403,False,2023-06-01
3110980,개포지구대옆,A,골목상권,11680,강남구,11680690,개포4동,204236.0,442346.0,127.04789233962622,37.48054543696767,85828.0,8.5828,False,2023-06-01
3110981,국악고교사거리,A,골목상권,11680,강남구,11680690,개포4동,204328.0,441797.0,127.04892926875081,37.4755984705467,67409.0,6.7409,False,2023-06-01
3110982,강남구보훈회관,A,골목상권,11680,강남구,11680590,삼성2동,204400.0,446173.0,127.04976940660329,37.515026175200376,19865.0,1.9865,False,2023-06-01
3110983,국립국악고등학교,A,골목상권,11680,강남구,11680690,개포4동,204448.0,442053.0,127.05028744787184,37.47790448487419,56042.0,5.6042,False,2023-06-01
3110984,포이초등학교(개포목련어린이공원),A,골목상권,11680,강남구,11680690,개포4동,204610.0,441598.0,127.05211611260913,37.473804098220945,137098.0,13.7098,False,2023-06-01
3110985,청담근린공원,A,골목상권,11680,강남구,11680565,청담동,204605.0,447083.0,127.05209390733624,37.523224301125694,43265.0,4.3265,False,2023-06-01
3110986,삼성중앙역 7번,A,골목상권,11680,강남구,11680590,삼성2동,204629.0,445676.0,127.05235654887412,37.510547066511116,15944.0,1.5944,False,2023-06-01
3110987,영동대교남단,A,골목상권,11680,강남구,11680565,청담동,204745.0,447403.0,127.05367971777865,37.52610679822542,31393.0,3.1393,False,2023-06-01
3110988,청담역 3번,A,골목상권,11680,강남구,11680580,삼성1동,204796.0,446536.0,127.05425101906192,37.51829484441766,79185.0,7.9185,False,2023-06-01
3110989,대치동아우편취급국,A,골목상권,11680,강남구,11680630,대치4동,204819.0,444825.0,127.05449997860185,37.502878544511304,40587.0,4.0587,False,2023-06-01
3110990,청담역 12번,A,골목상권,11680,강남구,11680565,청담동,204869.0,446787.0,127.05507843669173,37.520555979121255,10107.0,1.0107,False,2023-06-01
3110991,삼성중앙역 5번,A,골목상권,11680,강남구,11680580,삼성1동,204965.0,445889.0,127.05615833085436,37.51246445927297,26622.0,2.6622,False,2023-06-01
3110992,도곡초등학교,A,골목상권,11680,강남구,11680630,대치4동,205007.0,444509.0,127.05662399395355,37.50003036719416,138866.0,13.8866,False,2023-06-01
3110993,개포지하차도 북측,A,골목상권,11680,강남구,11680660,개포1동,205172.0,442045.0,127.0584726651182,37.47782863699266,37865.0,3.7865,False,2023-06-01
3110994,개포고등학교,A,골목상권,11680,강남구,11680670,개포2동,205433.0,442662.0,127.06142798105049,37.48338636278248,61589.0,6.1589,False,2023-06-01
3110995,봉은사역 4번,A,골목상권,11680,강남구,11680580,삼성1동,205554.0,446410.0,127.06282434823693,37.51715533127972,122757.0,12.2757,False,2023-06-01
3110996,대치2동주민센터,A,골목상권,11680,강남구,11680610,대치2동,205656.0,444713.0,127.0639650770362,37.50186467223303,112841.0,11.2841,False,2023-06-01
3110997,대청초등학교,A,골목상권,11680,강남구,11680730,일원1동,207481.0,443569.0,127.08459279952717,37.49154418889262,236964.0,23.6964,False,2023-06-01
3110998,은곡마을(은곡마을공원),A,골목상권,11680,강남구,11680700,세곡동,208665.0,440810.0,127.09794863113476,37.466675033196516,116896.0,11.6896,False,2023-06-01
3110999,윗방죽마을공원,A,골목상권,11680,강남구,11680700,세곡동,209190.0,441356.0,127.10388999835418,37.4715894762182,239797.0,23.9797,False,2023-06-01
3111000,대왕초등학교(세곡동사거리서남측),A,골목상권,11680,강남구,11680700,세곡동,209464.0,440465.0,127.10697603547538,37.463558717585315,52892.0,5.2892,False,2023-06-01
3111001,아래방죽마을공원(율현초등학교),A,골목상권,11680,강남구,11680700,세곡동,209611.0,441303.0,127.10864856928481,37.471107661305915,159591.0,15.9591,False,2023-06-01
3111002,한국교통안전공단 강남자동차검사소,A,골목상권,11680,강남구,11680700,세곡동,210568.0,441126.0,127.11946451874108,37.46950243337862,59241.0,5.9241,False,2023-06-01
3111003,삼전역 4번,A,골목상권,11710,송파구,11710650,잠실본동,207293.0,444982.0,127.08248095804808,37.50427689977292,272855.0,27.2855,False,2023-06-01
3111004,삼전역 1번,A,골목상권,11710,송파구,11710650,잠실본동,207529.0,445253.0,127.08515279573992,37.506716727609415,245561.0,24.5561,False,2023-06-01
3111005,삼전역 3번,A,골목상권,11710,송파구,11710610,삼전동,207842.0,444670.0,127.0886866001207,37.50146126692024,193689.0,19.3689,False,2023-06-01
3111006,석촌고분역 1번,A,골목상권,11710,송파구,11710610,삼전동,208309.0,445053.0,127.09397230648432,37.504908030823,182032.0,18.2032,False,2023-06-01
3111007,석촌고분역 4번,A,골목상권,11710,송파구,11710610,삼전동,208301.0,444502.0,127.09387561308945,37.499943567737034,163064.0,16.3064,False,2023-06-01
3111008,석촌고분역 3번,A,골목상권,11710,송파구,11710600,석촌동,208871.0,444507.0,127.1003217674194,37.499983319637764,104883.0,10.4883,False,2023-06-01
3111009,송파책박물관,A,골목상권,11710,송파구,11710600,석촌동,208954.0,444377.0,127.10125882793209,37.49881121253674,34040.0,3.404,False,2023-06-01
3111010,석촌역 7번,A,골목상권,11710,송파구,11710600,석촌동,208985.0,445109.0,127.10161833772693,37.50540626360433,200178.0,20.0178,False,2023-06-01
3111011,잠실나루역,A,골목상권,11710,송파구,11710690,잠실4동,209225.0,446847.0,127.10435448058176,37.5210633226702,25839.0,2.5839,False,2023-06-01
3111012,석촌역 6번,A,골목상권,11710,송파구,11710600,석촌동,209339.0,444753.0,127.10561747375894,37.50219517734482,120754.0,12.0754,False,2023-06-01
3111013,송파나루역 1번(송리단길),A,골목상권,11710,송파구,11710580,송파1동,209567.0,445551.0,127.10820636509044,37.50938285278131,191523.0,19.1523,False,2023-06-01
3111014,송파나루역 2번,A,골목상권,11710,송파구,11710562,방이2동,209833.0,445902.0,127.11121961236158,37.51254257811736,72714.0,7.2714,False,2023-06-01
3111015,석촌역 3번,A,골목상권,11710,송파구,11710580,송파1동,209895.0,445180.0,127.1119111716953,37.50603667419585,226584.0,22.6584,False,2023-06-01
3111016,송파역 2번,A,골목상권,11710,송파구,11710590,송파2동,210199.0,444586.0,127.11534113261479,37.500681404392786,99527.0,9.9527,False,2023-06-01
3111017,송파나루역 3번,A,골목상권,11710,송파구,11710562,방이2동,210209.0,445524.0,127.11546723853765,37.50913270713606,32806.0,3.2806,False,2023-06-01
3111018,풍납초등학교(풍납백제문화공원),A,골목상권,11710,송파구,11710510,풍납1동,210296.0,448588.0,127.11649415206831,37.53673840419749,27101.0,2.7101,False,2023-06-01
3111019,한성백제역 3번,A,골목상권,11710,송파구,11710562,방이2동,210404.0,446016.0,127.11767970969731,37.51356346284284,182798.0,18.2798,False,2023-06-01
3111020,방이동고분군(방산고등학교),A,골목상권,11710,송파구,11710561,방이1동,210664.0,445286.0,127.12060998185363,37.50698317764593,28997.0,2.8997,False,2023-06-01
3111021,방이역 4번,A,골목상권,11710,송파구,11710561,방이1동,210857.0,445756.0,127.12279974688553,37.51121564123085,324278.0,32.4278,False,2023-06-01
3111022,석촌중학교(방이육교),A,골목상권,11710,송파구,11710620,가락본동,211018.0,444834.0,127.12460694915129,37.5029064872171,80535.0,8.0535,False,2023-06-01
3111023,문정역 1번,A,골목상권,11710,송파구,11710641,문정1동,210889.0,443165.0,127.12312335023766,37.48787024792893,61838.0,6.1838,False,2023-06-01
3111024,경찰병원역 4번(건너말공원),A,골목상권,11710,송파구,11710620,가락본동,210919.0,443695.0,127.1234704233898,37.49264522318274,34910.0,3.491,False,2023-06-01
3111025,경찰병원역 3번,A,골목상권,11710,송파구,11710632,가락2동,211131.0,443863.0,127.12587022274454,37.49415638177665,59147.0,5.9147,False,2023-06-01
3111026,문정역 2번,A,골목상권,11710,송파구,11710641,문정1동,211145.0,442739.0,127.1260115224569,37.48402890995932,123212.0,12.3212,False,2023-06-01
3111027,문정초등학교,A,골목상권,11710,송파구,11710641,문정1동,211186.0,443249.0,127.12648283683612,37.48862354531615,124929.0,12.4929,False,2023-06-01
3111028,문현중학교(장지역 1번),A,골목상권,11710,송파구,11710646,장지동,211262.0,442494.0,127.12733063992474,37.48182002573031,53688.0,5.3688,False,2023-06-01
3111029,오금역 4번,A,골목상권,11710,송파구,11710632,가락2동,211264.0,444277.0,127.12738052925921,37.49788492844769,43089.0,4.3089,False,2023-06-01
3111030,방이역 2번,A,골목상권,11710,송파구,11710570,오금동,211448.0,445215.0,127.12947590742051,37.506334079290745,50911.0,5.0911,False,2023-06-01
3111031,장지동주민센터(한림연예예술고교),A,골목상권,11710,송파구,11710646,장지동,211550.0,442964.0,127.13059419402104,37.48605120104333,83345.0,8.3345,False,2023-06-01
3111032,방이역 1번,A,골목상권,11710,송파구,11710570,오금동,211513.0,445488.0,127.13021532267423,37.508793008420724,77913.0,7.7913,False,2023-06-01
3111033,문정동성당,A,골목상권,11710,송파구,11710646,장지동,211788.0,443156.0,127.13328829277744,37.48777812679395,23375.0,2.3375,False,2023-06-01
3111034,오동나무공원(송파레미니스1단지),A,골목상권,11710,송파구,11710570,오금동,211895.0,445248.0,127.13453196048974,37.50662576069701,139482.0,13.9482,False,2023-06-01
3111035,오금공원(오주중학교),A,골목상권,11710,송파구,11710570,오금동,211906.0,444832.0,127.13464963793076,37.502877446860396,95041.0,9.5041,False,2023-06-01
3111036,투구봉어린이공원,A,골목상권,11710,송파구,11710632,가락2동,212118.0,443829.0,127.13703070858425,37.49383762160077,31938.0,3.1938,False,2023-06-01
3111037,Sh수협은행 오금동금융센터(아랫말어린이공원),A,골목상권,11710,송파구,11710570,오금동,212170.0,445014.0,127.13763832029598,37.50451383129346,27617.0,2.7617,False,2023-06-01
3111038,보인중학교,A,골목상권,11710,송파구,11710570,오금동,212297.0,444483.0,127.13906576695766,37.499727822333654,83602.0,8.3602,False,2023-06-01
3111039,벌말어린이공원,A,골목상권,11710,송파구,11710570,오금동,212262.0,444754.0,127.13867447153561,37.5021700066556,63272.0,6.3272,False,2023-06-01
3111040,거여초등학교,A,골목상권,11710,송파구,11710570,오금동,212430.0,444869.0,127.14057636913071,37.50320391444192,57097.0,5.7097,False,2023-06-01
3111041,거여역 8번,A,골목상권,11710,송파구,11710531,거여1동,212496.0,443841.0,127.14130533593652,37.49394070685369,12895.0,1.2895,False,2023-06-01
3111042,거여역 1번(거여공원),A,골목상권,11710,송파구,11710531,거여1동,212696.0,444196.0,127.14357306164374,37.49713654422172,146365.0,14.6365,False,2023-06-01
3111043,마천공원,A,골목상권,11710,송파구,11710550,마천2동,212869.0,444598.0,127.14553646050494,37.50075618395974,67894.0,6.7894,False,2023-06-01
3111044,남천초등학교,A,골목상권,11710,송파구,11710550,마천2동,213170.0,444431.0,127.14893749244396,37.499247266081596,129883.0,12.9883,False,2023-06-01
3111045,개미어린이공원,A,골목상권,11710,송파구,11710532,거여2동,213176.0,443573.0,127.14898998707639,37.491516568107215,42008.0,4.2008,False,2023-06-01
3111046,마천역(마천초등학교),A,골목상권,11710,송파구,11710540,마천1동,213476.0,444071.0,127.15239139655985,37.49599924069357,209850.0,20.985,False,2023-06-01
3111047,마천1치안센터,A,골목상권,11710,송파구,11710540,마천1동,213853.0,444135.0,127.15665583665168,37.49657030650588,131215.0,13.1215,False,2023-06-01
3111048,천호역 1번(천호문구완구거리),A,골목상권,11740,강동구,11740610,천호2동,210722.0,449052.0,127.1213208950973,37.54091418258366,69265.0,6.9265,False,2023-06-01
3111049,천호지구대(천호동자전거거리),A,골목상권,11740,강동구,11740610,천호2동,210912.0,449349.0,127.12347517956023,37.543587917059725,110424.0,11.0424,False,2023-06-01
3111050,강동구청(강동구청역 2번),A,골목상권,11740,강동구,11740640,성내1동,211002.0,447924.0,127.12447223310771,37.53074762187668,19565.0,1.9565,False,2023-06-01
3111051,천호역 6번,A,골목상권,11740,강동구,11740650,성내2동,210995.0,448365.0,127.12439963749783,37.53472111086701,159647.0,15.9647,False,2023-06-01
3111052,암사역 3번(천호동자전거거리),A,골목상권,11740,강동구,11740610,천호2동,211055.0,449828.0,127.1251005101958,37.54790198951284,129295.0,12.9295,False,2023-06-01
3111053,성내천어린이공원(하니사랑길),A,골목상권,11740,강동구,11740640,성내1동,211079.0,447418.0,127.12533575007882,37.526187642477346,139845.0,13.9845,False,2023-06-01
3111054,암사역 4번(삼성광나루아파트),A,골목상권,11740,강동구,11740580,암사2동,211333.0,450498.0,127.12825674848011,37.55393528838933,15538.0,1.5538,False,2023-06-01
3111055,선사초등학교,A,골목상권,11740,강동구,11740580,암사2동,211367.0,450633.0,127.1286436199909,37.555151213731904,11026.0,1.1026,False,2023-06-01
3111056,천호태영아파트,A,골목상권,11740,강동구,11740620,천호3동,211384.0,448701.0,127.12880605851178,37.53774374696407,31985.0,3.1985,False,2023-06-01
3111057,천호공원(해공체육문화센터),A,골목상권,11740,강동구,11740610,천호2동,211478.0,449321.0,127.12987932321688,37.54332876725485,116161.0,11.6161,False,2023-06-01
3111058,성내중학교,A,골목상권,11740,강동구,11740640,성내1동,211510.0,447825.0,127.13021797817707,37.529849435419436,39694.0,3.9694,False,2023-06-01
3111059,강동역 4번(강풀만화거리),A,골목상권,11740,강동구,11740650,성내2동,211519.0,448272.0,127.13032680682095,37.53387678826184,282300.0,28.23,False,2023-06-01
3111060,암사역 2번(서울강동초등학교),A,골목상권,11740,강동구,11740610,천호2동,211503.0,449728.0,127.13016858602212,37.54699551310774,219221.0,21.9221,False,2023-06-01
3111061,암사역 1번,A,골목상권,11740,강동구,11740570,암사1동,211593.0,450267.0,127.13119554025029,37.55185075553473,175331.0,17.5331,False,2023-06-01
3111062,둔촌동역 3번(성내3동주민센터),A,골목상권,11740,강동구,11740660,성내3동,211636.0,447220.0,127.13163389250484,37.524396807515714,106811.0,10.6811,False,2023-06-01
3111063,강동구립 천호도서관,A,골목상권,11740,강동구,11740620,천호3동,211691.0,448962.0,127.13228380422099,37.54009151129469,150522.0,15.0522,False,2023-06-01
3111064,둔촌동역 4번,A,골목상권,11740,강동구,11740660,성내3동,211697.0,447577.0,127.13232964353028,37.52761260546051,51128.0,5.1128,False,2023-06-01
3111065,천일초등학교,A,골목상권,11740,강동구,11740620,천호3동,211843.0,449114.0,127.13400613278766,37.541459088232536,62233.0,6.2233,False,2023-06-01
3111066,암사동성당(효정하나플러스아파트),A,골목상권,11740,강동구,11740570,암사1동,211877.0,449977.0,127.13440480844238,37.549234252594,106562.0,10.6562,False,2023-06-01
3111067,강동구립성내도서관,A,골목상권,11740,강동구,11740660,성내3동,211931.0,448063.0,127.13498479934768,37.53198846506551,203966.0,20.3966,False,2023-06-01
3111068,강동성심병원,A,골목상권,11740,강동구,11740685,길동,211962.0,448499.0,127.13534262472497,37.535916416748464,19646.0,1.9646,False,2023-06-01
3111069,천호1동주민센터,A,골목상권,11740,강동구,11740600,천호1동,212044.0,449449.0,127.13628598009866,37.54447482533292,110491.0,11.0491,False,2023-06-01
3111070,천호초등학교,A,골목상권,11740,강동구,11740600,천호1동,212144.0,449775.0,127.13742293636393,37.54741076251804,59080.0,5.908,False,2023-06-01
3111071,천동초등학교,A,골목상권,11740,강동구,11740685,길동,212285.0,448978.0,127.13900517123989,37.54022795059205,35500.0,3.55,False,2023-06-01
3111072,굽은다리역 1번(십자성마을),A,골목상권,11740,강동구,11740600,천호1동,212306.0,449281.0,127.13924786344498,37.54295769185417,153254.0,15.3254,False,2023-06-01
3111073,둔촌동역 1번(한산중학교),A,골목상권,11740,강동구,11740700,둔촌2동,212348.0,447971.0,127.13970109005358,37.53115405965589,179874.0,17.9874,False,2023-06-01
3111074,명일역 1번,A,골목상권,11740,강동구,11740570,암사1동,212387.0,450205.0,127.14018000099084,37.55128181252958,49436.0,4.9436,False,2023-06-01
3111075,굽은다리역 2번,A,골목상권,11740,강동구,11740600,천호1동,212465.0,449915.0,127.1410577772256,37.54866787363438,87782.0,8.7782,False,2023-06-01
3111076,둔촌2동주민센터,A,골목상권,11740,강동구,11740700,둔촌2동,212654.0,448239.0,127.14316767622383,37.53356458928087,60068.0,6.0068,False,2023-06-01
3111077,길동주민센터(강동도서관),A,골목상권,11740,강동구,11740685,길동,212662.0,448642.0,127.14326513418894,37.53719550101968,247203.0,24.7203,False,2023-06-01
3111078,굽은다리역 4번,A,골목상권,11740,강동구,11740685,길동,212791.0,449269.0,127.14473562941338,37.542842973257564,207328.0,20.7328,False,2023-06-01
3111079,둔촌고등학교(둔촌중학교),A,골목상권,11740,강동구,11740700,둔촌2동,212802.0,447928.0,127.14483672836224,37.530760442672666,66695.0,6.6695,False,2023-06-01
3111080,굽은다리역 3번,A,골목상권,11740,강동구,11740530,명일1동,212907.0,449841.0,127.14605826969866,37.54799505567017,83549.0,8.3549,False,2023-06-01
3111081,둔촌푸르지오아파트,A,골목상권,11740,강동구,11740700,둔촌2동,212915.0,448408.0,127.14612359901652,37.535083659018184,17651.0,1.7651,False,2023-06-01
3111082,중앙보훈병원,A,골목상권,11740,강동구,11740700,둔촌2동,213045.0,448204.0,127.14759082543861,37.53324379418551,21834.0,2.1834,False,2023-06-01
3111083,GS강동자이아파트,A,골목상권,11740,강동구,11740685,길동,213004.0,448764.0,127.14713686672897,37.53828995999014,81524.0,8.1524,False,2023-06-01
3111084,길동신동아아파트,A,골목상권,11740,강동구,11740685,길동,213077.0,449188.0,127.14797038945555,37.54210915510246,20962.0,2.0962,False,2023-06-01
3111085,묘곡초등학교(고덕아이파크아파트),A,골목상권,11740,강동구,11740550,고덕1동,213598.0,451279.0,127.15390438513914,37.560941425989625,144712.0,14.4712,False,2023-06-01
3111086,한영중고,A,골목상권,11740,강동구,11740540,명일2동,213661.0,449837.0,127.15459058686237,37.54794815352328,75463.0,7.5463,False,2023-06-01
3111087,고덕중학교(고덕2동주민센터),A,골목상권,11740,강동구,11740560,고덕2동,214375.0,451335.0,127.16269966363147,37.56143419103637,63497.0,6.3497,False,2023-06-01
3111088,고덕동성당,A,골목상권,11740,강동구,11740560,고덕2동,215015.0,451172.0,127.16993997135864,37.55995536839759,71669.0,7.1669,False,2023-06-01
3111089,상일여고(상일초등학교),A,골목상권,11740,강동구,11740520,상일동,215142.0,449858.0,127.1713502445672,37.54811423194662,126943.0,12.6943,False,2023-06-01
3111090,강일동주민센터,A,골목상권,11740,강동구,11740515,강일동,215352.0,451742.0,127.17376605352462,37.56508547362558,29486.0,2.9486,False,2023-06-01
3120001,서대문역,D,발달상권,11110,종로구,11110580,교남동,197004.0,451905.0,126.96608817274014,37.5666771030912,148292.0,14.8292,False,2023-06-01
3120002,서촌(경복궁역),D,발달상권,11110,종로구,11110530,사직동,197511.0,453304.0,126.97182217376672,37.57928353002136,176637.0,17.6637,False,2023-06-01
3120003,광화문역,D,발달상권,11110,종로구,11110530,사직동,197756.0,452492.0,126.97459828971185,37.57196808441407,394522.0,39.4522,False,2023-06-01
3120004,종로구청,D,발달상권,11110,종로구,11110615,종로1·2·3·4가동,198330.0,452729.0,126.9810953350001,37.574104661608466,124067.0,12.4067,False,2023-06-01
3120005,삼청동,D,발달상권,11110,종로구,11110540,삼청동,198327.0,453771.0,126.98105899645377,37.58349301388629,251643.0,25.1643,False,2023-06-01
3120006,종각역,D,발달상권,11110,종로구,11110615,종로1·2·3·4가동,198542.0,452315.0,126.98349603169183,37.57037490206608,270326.0,27.0326,False,2023-06-01
3120007,북촌(안국역),D,발달상권,11110,종로구,11110600,가회동,198741.0,453290.0,126.98574695667234,37.57915989343145,197675.0,19.7675,False,2023-06-01
3120008,인사동,D,발달상권,11110,종로구,11110615,종로1·2·3·4가동,198695.0,452707.0,126.98522723193118,37.573907032117134,182319.0,18.2319,False,2023-06-01
3120009,종로3가역,D,발달상권,11110,종로구,11110615,종로1·2·3·4가동,199178.0,452457.0,126.99069513429944,37.571655102249785,401520.0,40.152,False,2023-06-01
3120010,원남동사거리,D,발달상권,11110,종로구,11110615,종로1·2·3·4가동,199800.0,452831.0,126.99773594038506,37.57502516818966,99120.0,9.912,False,2023-06-01
3120011,종로4가,D,발달상권,11110,종로구,11110615,종로1·2·3·4가동,199787.0,452401.0,126.9975889014172,37.57115088700972,115988.0,11.5988,False,2023-06-01
3120012,대학로(혜화역),D,발달상권,11110,종로구,11110650,혜화동,200117.0,453688.0,127.00132461165737,37.582746701555415,256888.0,25.6888,False,2023-06-01
3120013,이화사거리,D,발달상권,11110,종로구,11110630,종로5·6가동,200140.0,452821.0,127.00158483982133,37.57493507979648,134283.0,13.4283,False,2023-06-01
3120014,종로5가역,D,발달상권,11110,종로구,11110630,종로5·6가동,200205.0,452485.0,127.00232056437183,37.57190772477912,136026.0,13.6026,False,2023-06-01
3120015,종로6가,D,발달상권,11110,종로구,11110630,종로5·6가동,200621.0,452507.0,127.00702963068177,37.572105757219134,53940.0,5.394,False,2023-06-01
3120016,동대문역,D,발달상권,11110,종로구,11110670,창신1동,201005.0,452410.0,127.0113763224506,37.571231453067256,58788.0,5.8788,False,2023-06-01
3120017,동묘앞역(동묘),D,발달상권,11110,종로구,11110670,창신1동,201294.0,452578.0,127.01464801900582,37.57274476423799,71198.0,7.1198,False,2023-06-01
3120018,중림동,D,발달상권,11140,중구,11140680,중림동,197143.0,451108.0,126.96766462208768,37.559496603766355,144683.0,14.4683,False,2023-06-01
3120019,경찰청앞교차로,D,발달상권,11140,중구,11140520,소공동,197338.0,451460.0,126.96987034457031,37.56266869580814,90827.0,9.0827,False,2023-06-01
3120020,시청역_1번,D,발달상권,11140,중구,11140520,소공동,197752.0,451623.0,126.97455567383841,37.5641384226588,58426.0,5.8426,False,2023-06-01
3120021,시청역_8번,D,발달상권,11140,중구,11140520,소공동,197724.0,451359.0,126.97423957068082,37.56175972341937,132689.0,13.2689,False,2023-06-01
3120022,북창동(시청역_6번),D,발달상권,11140,중구,11140520,소공동,198025.0,451499.0,126.97764599900333,37.563021812708804,108517.0,10.8517,False,2023-06-01
3120023,서울시청,D,발달상권,11140,중구,11140550,명동,198049.0,452055.0,126.97791616374438,37.56803140178972,88816.0,8.8816,False,2023-06-01
3120024,회현역,D,발달상권,11140,중구,11140540,회현동,198144.0,450868.0,126.97899449435093,37.55733676985367,106867.0,10.6867,False,2023-06-01
3120025,롯데백화점(시청광장 지하쇼핑센터),D,발달상권,11140,중구,11140520,소공동,198298.0,451719.0,126.98073543386649,37.565004549140816,75261.0,7.5261,False,2023-06-01
3120026,을지로입구역,D,발달상권,11140,중구,11140550,명동,198533.0,451986.0,126.98339481342212,37.567410612419565,200306.0,20.0306,False,2023-06-01
3120027,명동역(명동재미로),D,발달상권,11140,중구,11140550,명동,198568.0,451138.0,126.98379263879168,37.55977021831525,157156.0,15.7156,False,2023-06-01
3120028,명동(명동거리),D,발달상권,11140,중구,11140550,명동,198560.0,451473.0,126.98370143738249,37.56278854485185,221515.0,22.1515,False,2023-06-01
3120029,을지로2가,D,발달상권,11140,중구,11140550,명동,198759.0,451740.0,126.98595335644617,37.56519449445234,56876.0,5.6876,False,2023-06-01
3120030,중부경찰서(영화인의거리),D,발달상권,11140,중구,11140550,명동,199144.0,451473.0,126.99031140988347,37.56278927231114,137954.0,13.7954,False,2023-06-01
3120031,을지로3가역,D,발달상권,11140,중구,11140605,을지로동,199259.0,451855.0,126.99161264533974,37.566231177621084,254774.0,25.4774,False,2023-06-01
3120032,충무로역,D,발달상권,11140,중구,11140570,필동,199553.0,451319.0,126.99494074826379,37.561402026638206,236516.0,23.6516,False,2023-06-01
3120033,을지로4가역,D,발달상권,11140,중구,11140605,을지로동,199709.0,451926.0,126.99670615237726,37.56687113672423,85528.0,8.5528,False,2023-06-01
3120034,중구청(퇴계로4가),D,발달상권,11140,중구,11140590,광희동,199832.0,451557.0,126.99809848175721,37.56354649155968,95213.0,9.5213,False,2023-06-01
3120035,퇴계로5가,D,발달상권,11140,중구,11140590,광희동,200172.0,451544.0,127.00194678943873,37.563429361287916,48951.0,4.8951,False,2023-06-01
3120036,장충동족발거리(남소영길),D,발달상권,11140,중구,11140580,장충동,200486.0,451165.0,127.00550056095275,37.56001447177022,88202.0,8.8202,False,2023-06-01
3120037,동대문역사문화공원역,D,발달상권,11140,중구,11140590,광희동,200652.0,451769.0,127.00737989015035,37.56545638829003,370638.0,37.0638,False,2023-06-01
3120038,약수역,D,발달상권,11140,중구,11140625,다산동,200886.0,450529.0,127.01002700369473,37.554283830778616,136837.0,13.6837,False,2023-06-01
3120039,신당역,D,발달상권,11140,중구,11140615,신당동,201389.0,451766.0,127.01572187665212,37.56542854224621,198976.0,19.8976,False,2023-06-01
3120040,용산전자상가(용산역),D,발달상권,11170,용산구,11170625,한강로동,196602.0,448198.0,126.96155508063559,37.53327570218554,365025.0,36.5025,False,2023-06-01
3120041,신용산역(용산역),D,발달상권,11170,용산구,11170625,한강로동,196759.0,447723.0,126.9633334709919,37.5289965114775,1031423.0,103.1423,False,2023-06-01
3120042,"숙대입구역(남영역, 남영동)",D,발달상권,11170,용산구,11170530,남영동,197505.0,449194.0,126.97176822424123,37.542252548533455,87154.0,8.7154,False,2023-06-01
3120043,서울역,D,발달상권,11140,중구,11140540,회현동,197609.0,450759.0,126.97293992249325,37.55635345029689,435455.0,43.5455,False,2023-06-01
3120044,삼각지역,D,발달상권,11170,용산구,11170625,한강로동,197638.0,448269.0,126.97327613890425,37.53391864686238,134419.0,13.4419,False,2023-06-01
3120045,남영동 먹자골목,D,발달상권,11170,용산구,11170530,남영동,197641.0,449262.0,126.97330689202384,37.54286558609047,66870.0,6.687,False,2023-06-01
3120046,이태원(이태원역),D,발달상권,11170,용산구,11170650,이태원1동,199539.0,448381.0,126.99478413778354,37.534930676308115,283429.0,28.3429,False,2023-06-01
3120047,한남오거리,D,발달상권,11170,용산구,11170685,한남동,200669.0,448168.0,127.0075690290704,37.53301141695387,156210.0,15.621,False,2023-06-01
3120048,금호역,D,발달상권,11200,성동구,11200620,금호4가동,201735.0,449865.0,127.01963370266449,37.548299995658496,61031.0,6.1031,False,2023-06-01
3120049,왕십리역(왕십리),D,발달상권,11200,성동구,11200560,행당1동,203287.0,451265.0,127.0372027980794,37.56090973547635,193725.0,19.3725,False,2023-06-01
3120050,서울숲역,D,발달상권,11200,성동구,11200650,성수1가1동,204150.0,449189.0,127.04695863222248,37.542201536499775,58913.0,5.8913,False,2023-06-01
3120051,뚝섬역,D,발달상권,11200,성동구,11200660,성수1가2동,204279.0,449686.0,127.04842120587689,37.54667891208323,218163.0,21.8163,False,2023-06-01
3120052,성수역,D,발달상권,11200,성동구,11200690,성수2가3동,205008.0,449464.0,127.0566690594388,37.54467502404605,298939.0,29.8939,False,2023-06-01
3120053,건대입구역(건대),D,발달상권,11215,광진구,11215710,화양동,206135.0,449004.0,127.06941801028965,37.54052362013261,275082.0,27.5082,False,2023-06-01
3120054,어린이대공원역,D,발달상권,11215,광진구,11215730,군자동,206380.0,449814.0,127.07219724027685,37.54782004706054,145202.0,14.5202,False,2023-06-01
3120055,군자역,D,발달상권,11215,광진구,11215730,군자동,207011.0,450848.0,127.07934762139544,37.55713177669575,288693.0,28.8693,False,2023-06-01
3120056,구의역,D,발달상권,11215,광진구,11215850,구의1동,207505.0,448675.0,127.08491629282464,37.53754920283207,158734.0,15.8734,False,2023-06-01
3120057,아차산역,D,발달상권,11215,광진구,11215750,중곡2동,207685.0,450529.0,127.08697232874646,37.55425222492062,201257.0,20.1257,False,2023-06-01
3120058,구의사거리,D,발달상권,11215,광진구,11215850,구의1동,207770.0,449446.0,127.08792282331748,37.54449370938838,92657.0,9.2657,False,2023-06-01
3120059,구삼강변맛길,D,발달상권,11215,광진구,11215870,구의3동,208190.0,448825.0,127.09266847748873,37.53889487398277,108961.0,10.8961,False,2023-06-01
3120060,강변역(테크노마트),D,발달상권,11215,광진구,11215870,구의3동,208364.0,448372.0,127.09463209799468,37.53481178598457,127108.0,12.7108,False,2023-06-01
3120061,올림픽대교북단,D,발달상권,11215,광진구,11215870,구의3동,208468.0,449028.0,127.09581633739685,37.540721391234456,47188.0,4.7188,False,2023-06-01
3120062,신설동역,D,발달상권,11230,동대문구,11230536,용신동,202164.0,452823.0,127.02449710040506,37.574950568605935,271900.0,27.19,False,2023-06-01
3120063,청량리역(청량리),D,발달상권,11230,동대문구,11230560,전농1동,204223.0,453496.0,127.0478094419419,37.581007119607364,316933.0,31.6933,False,2023-06-01
3120064,경희대학교(경희대),D,발달상권,11230,동대문구,11230710,회기동,204632.0,454773.0,127.0524478846259,37.59251082736345,48567.0,4.8567,False,2023-06-01
3120065,회기역,D,발달상권,11230,동대문구,11230720,휘경1동,205089.0,454430.0,127.05762008594616,37.589418012886064,127203.0,12.7203,False,2023-06-01
3120066,장한평역(장한평),D,발달상권,11230,동대문구,11230650,장안1동,205699.0,451402.0,127.06450325618997,37.56213234206502,450074.0,45.0074,False,2023-06-01
3120067,장안동사거리,D,발달상권,11230,동대문구,11230660,장안2동,206315.0,452490.0,127.07148472007259,37.57193115455106,219588.0,21.9588,False,2023-06-01
3120068,사가정역,D,발달상권,11260,중랑구,11260575,면목3·8동,207784.0,453510.0,127.08812436220808,37.581110046498495,35712.0,3.5712,False,2023-06-01
3120069,상봉역,D,발달상권,11260,중랑구,11260590,상봉2동,207750.0,455204.0,127.08775735921164,37.596373129093756,205828.0,20.5828,False,2023-06-01
3120070,한성대입구역,D,발달상권,11290,성북구,11290555,삼선동,200722.0,454401.0,127.00817480174283,37.58917050583218,80065.0,8.0065,False,2023-06-01
3120071,성북구청,D,발달상권,11290,성북구,11290555,삼선동,201404.0,454424.0,127.01589674974979,37.58937694671513,50039.0,5.0039,False,2023-06-01
3120072,성신여대,D,발달상권,11290,성북구,11290575,동선동,201545.0,454756.0,127.01749391828604,37.59236801495773,197286.0,19.7286,False,2023-06-01
3120073,미아사거리,D,발달상권,11290,성북구,11290685,길음2동,202573.0,456478.0,127.02913993403496,37.60788077554478,90503.0,9.0503,False,2023-06-01
3120074,안암역,D,발달상권,11290,성북구,11290600,안암동,202609.0,454032.0,127.02953893066693,37.58584242970729,27617.0,2.7617,False,2023-06-01
3120075,월곡역,D,발달상권,11290,성북구,11290725,월곡2동,203715.0,455955.0,127.04207074206104,37.60316469704577,94516.0,9.4516,False,2023-06-01
3120076,수유역,D,발달상권,11305,강북구,11305635,수유3동,202206.0,459794.0,127.02499355890316,37.63775846580487,297339.0,29.7339,False,2023-06-01
3120077,미아역,D,발달상권,11305,강북구,11305535,미아동,202289.0,458452.0,127.02592973155747,37.62566703232446,93348.0,9.3348,False,2023-06-01
3120078,미아사거리역,D,발달상권,11305,강북구,11305545,송중동,202731.0,457002.0,127.030931282534,37.612601503186426,94178.0,9.4178,False,2023-06-01
3120079,창동역,D,발달상권,11320,도봉구,11320515,창5동,204208.0,461419.0,127.04768518990895,37.652392464257645,96097.0,9.6097,False,2023-06-01
3120080,마들역,D,발달상권,11350,노원구,11350710,상계9동,205070.0,462922.0,127.0574638336848,37.66592986052435,38976.0,3.8976,False,2023-06-01
3120081,노원역,D,발달상권,11350,노원구,11350640,상계2동,205487.0,461761.0,127.06218142111491,37.65546707385466,267693.0,26.7693,False,2023-06-01
3120082,상계백병원,D,발달상권,11350,노원구,11350695,상계6·7동,205497.0,460926.0,127.06228846200554,37.64794381120187,38882.0,3.8882,False,2023-06-01
3120083,등나무근린공원,D,발달상권,11350,노원구,11350625,중계2·3동,205863.0,460036.0,127.06642859452461,37.63992279547881,125820.0,12.582,False,2023-06-01
3120084,공릉역,D,발달상권,11350,노원구,11350595,공릉1동,206501.0,458455.0,127.0736431585729,37.62567393019448,81040.0,8.104,False,2023-06-01
3120085,은행사거리,D,발달상권,11350,노원구,11350619,중계본동,206780.0,461180.0,127.07682893785226,37.65022373500908,61587.0,6.1587,False,2023-06-01
3120086,태릉입구역,D,발달상권,11350,노원구,11350595,공릉1동,206799.0,457730.0,127.07701215330515,37.61913962235161,72480.0,7.248,False,2023-06-01
3120087,응암역,D,발달상권,11380,은평구,11380580,응암1동,192572.0,455461.0,126.91588620727656,37.59869132870324,58470.0,5.847,False,2023-06-01
3120088,구산역,D,발달상권,11380,은평구,11380552,갈현2동,192675.0,456931.0,126.91703785789733,37.611936693468444,59372.0,5.9372,False,2023-06-01
3120089,구파발역,D,발달상권,11380,은평구,11380690,진관동,192798.0,459742.0,126.91840326151319,37.637264385164364,130434.0,13.0434,False,2023-06-01
3120090,연신내역,D,발달상권,11380,은평구,11380520,불광1동,193120.0,457722.0,126.92207043712675,37.61906694104672,134415.0,13.4415,False,2023-06-01
3120091,본서부병원,D,발달상권,11380,은평구,11380580,응암1동,193119.0,455668.0,126.92207842001982,37.600560629975476,113175.0,11.3175,False,2023-06-01
3120092,불광역,D,발달상권,11380,은평구,11380570,대조동,193770.0,456561.0,126.92944284713941,37.60861110259916,61492.0,6.1492,False,2023-06-01
3120093,연희동,D,발달상권,11410,서대문구,11410615,연희동,193815.0,451927.0,126.9299916046433,37.56685943552022,111829.0,11.1829,False,2023-06-01
3120094,"신촌역(신촌역, 신촌로터리)",D,발달상권,11410,서대문구,11410585,신촌동,194382.0,450780.0,126.93641829163401,37.55652864117973,343829.0,34.3829,False,2023-06-01
3120095,홍제역,D,발달상권,11410,서대문구,11410620,홍제1동,195120.0,454298.0,126.94474718990175,37.58822983474369,100614.0,10.0614,False,2023-06-01
3120096,"이화여대(이대역, 이대)",D,발달상권,11410,서대문구,11410585,신촌동,194941.0,450990.0,126.94274332269025,37.55842397196827,151417.0,15.1417,False,2023-06-01
3120097,충정로역,D,발달상권,11410,서대문구,11410565,충현동,196738.0,451218.0,126.96308036486933,37.56048635586851,59549.0,5.9549,False,2023-06-01
3120098,DMC(디지털미디어시티),D,발달상권,11440,마포구,11440740,상암동,190266.0,453378.0,126.8898010489623,37.57990219181169,347758.0,34.7758,False,2023-06-01
3120099,월드컵경기장역(월드컵경기장),D,발달상권,11440,마포구,11440730,성산2동,190957.0,452186.0,126.89763857339734,37.569169395486064,269851.0,26.9851,False,2023-06-01
3120100,망원역,D,발달상권,11440,마포구,11440690,망원1동,192088.0,450652.0,126.91045735413928,37.55535853053915,67876.0,6.7876,False,2023-06-01
3120101,합정역,D,발달상권,11440,마포구,11440660,서교동,192355.0,449998.0,126.91348588731982,37.54946826255645,251511.0,25.1511,False,2023-06-01
3120102,서교동(홍대),D,발달상권,11440,마포구,11440660,서교동,192713.0,450597.0,126.91753121902045,37.55486813464331,246429.0,24.6429,False,2023-06-01
3120103,홍대입구역(홍대),D,발달상권,11440,마포구,11440660,서교동,192825.0,450117.0,126.91880344160843,37.55054422679769,461923.0,46.1923,False,2023-06-01
3120104,연남동(홍대),D,발달상권,11440,마포구,11440710,연남동,193150.0,451174.0,126.92247146576325,37.56007023522604,437447.0,43.7447,False,2023-06-01
3120105,상수역(홍대),D,발달상권,11440,마포구,11440655,서강동,193209.0,449875.0,126.92315124845207,37.548366720524776,102057.0,10.2057,False,2023-06-01
3120106,마포역,D,발달상권,11440,마포구,11440590,용강동,195229.0,448938.0,126.94601617916628,37.53993702453032,136724.0,13.6724,False,2023-06-01
3120107,공덕역(공덕오거리),D,발달상권,11440,마포구,11440585,도화동,195756.0,449256.0,126.95197733961047,37.54280477827663,192218.0,19.2218,False,2023-06-01
3120108,신정네거리역,D,발달상권,11470,양천구,11470650,신정4동,186973.0,446939.0,126.85263524861723,37.52184641212292,184201.0,18.4201,False,2023-06-01
3120109,서울남부지방법원,D,발달상권,11470,양천구,11470620,신정1동,187627.0,446919.0,126.8600337795351,37.52167521115216,112835.0,11.2835,False,2023-06-01
3120110,목동역 8번출구,D,발달상권,11470,양천구,11470650,신정4동,187758.0,447371.0,126.86150814984612,37.525749477363846,126667.0,12.6667,False,2023-06-01
3120111,목동사거리,D,발달상권,11500,강서구,11500570,화곡4동,187899.0,448051.0,126.86309205939318,37.53187813120291,126109.0,12.6109,False,2023-06-01
3120112,등촌역,D,발달상권,11470,양천구,11470530,목3동,188046.0,450164.0,126.86472078637435,37.55091811996822,183773.0,18.3773,False,2023-06-01
3120113,오목교역,D,발달상권,11470,양천구,11470510,목1동,188859.0,447176.0,126.8739665190935,37.5240064758007,140753.0,14.0753,False,2023-06-01
3120114,목동신시가지,D,발달상권,11470,양천구,11470510,목1동,188989.0,447968.0,126.87542528536211,37.531143954189375,421429.0,42.1429,False,2023-06-01
3120115,김포공항역(김포공항),D,발달상권,11500,강서구,11500640,방화2동,182509.0,451952.0,126.8020181729828,37.56693943754537,700542.0,70.0542,False,2023-06-01
3120116,송정역,D,발달상권,11500,강서구,11500620,공항동,183179.0,451334.0,126.80961608028808,37.561383785246925,61122.0,6.1122,False,2023-06-01
3120117,강서농산물도매시장,D,발달상권,11500,강서구,11500611,발산1동,184207.0,450391.0,126.8212714597167,37.55290560993161,402585.0,40.2585,False,2023-06-01
3120118,마곡역(마곡),D,발달상권,11500,강서구,11500603,가양1동,184704.0,451174.0,126.82687963835855,37.559968767790714,232166.0,23.2166,False,2023-06-01
3120119,발산역(마곡),D,발달상권,11500,강서구,11500603,가양1동,185482.0,451168.0,126.83568513889593,37.5599272910507,417076.0,41.7076,False,2023-06-01
3120120,화곡역,D,발달상권,11500,강서구,11500540,화곡1동,185754.0,449079.0,126.8388041663084,37.54110975341171,136057.0,13.6057,False,2023-06-01
3120121,까치산역,D,발달상권,11500,강서구,11500540,화곡1동,186514.0,447863.0,126.84742598554145,37.530165049792515,104596.0,10.4596,False,2023-06-01
3120122,강서구청,D,발달상권,11500,강서구,11500591,화곡6동,186817.0,450350.0,126.85080932634055,37.55257721752373,224516.0,22.4516,False,2023-06-01
3120123,오류동역,D,발달상권,11530,구로구,11530770,오류1동,186274.0,443987.0,126.84478309040097,37.495238717134534,209639.0,20.9639,False,2023-06-01
3120124,개봉동 현대아파트,D,발달상권,11530,구로구,11530760,개봉3동,187258.0,443281.0,126.85592258479939,37.48889172118888,150870.0,15.087,False,2023-06-01
3120125,구로역,D,발달상권,11530,구로구,11530530,구로2동,189215.0,444765.0,126.87802914643311,37.502287544863094,657519.0,65.7519,False,2023-06-01
3120126,디지털단지오거리,D,발달상권,11530,구로구,11530595,가리봉동,190133.0,442413.0,126.88844259150403,37.4811061544857,51996.0,5.1996,False,2023-06-01
3120127,구로구청,D,발달상권,11530,구로구,11530560,구로5동,190351.0,444133.0,126.89088478047032,37.49660576240951,84927.0,8.4927,False,2023-06-01
3120128,신도림역,D,발달상권,11530,구로구,11530560,구로5동,190308.0,445419.0,126.89038157947518,37.50819222508018,251389.0,25.1389,False,2023-06-01
3120129,구로디지털단지,D,발달상권,11530,구로구,11530540,구로3동,190727.0,442738.0,126.89515431983678,37.48404057818344,460289.0,46.0289,False,2023-06-01
3120130,구로디지털단지역,D,발달상권,11530,구로구,11530540,구로3동,191249.0,442646.0,126.9010574261165,37.483216741481165,168688.0,16.8688,False,2023-06-01
3120131,가산디지털단지,D,발달상권,11545,금천구,11545510,가산동,189641.0,441969.0,126.88288623812579,37.47710029847168,1713620.0,171.362,False,2023-06-01
3120132,독산동,D,발달상권,11545,금천구,11545610,독산1동,190614.0,441262.0,126.89389548521748,37.47074055893483,530021.0,53.0021,False,2023-06-01
3120133,서울시흥동우체국(홈플러스시흥점),D,발달상권,11545,금천구,11545670,시흥1동,191269.0,439239.0,126.9013239111833,37.452519530222744,56376.0,5.6376,False,2023-06-01
3120134,구로전화국,D,발달상권,11545,금천구,11545630,독산3동,191634.0,442281.0,126.90541454190769,37.47993162843055,169662.0,16.9662,False,2023-06-01
3120135,양평역,D,발달상권,11560,영등포구,11560610,양평1동,190179.0,447330.0,126.888897042797,37.52540900763032,36584.0,3.6584,False,2023-06-01
3120136,영등포구청역,D,발달상권,11560,영등포구,11560550,당산1동,190525.0,447328.0,126.89281128917426,37.52539460491538,208631.0,20.8631,False,2023-06-01
3120137,문래역(문래로데오거리),D,발달상권,11560,영등포구,11560605,문래동,190815.0,446495.0,126.89610240182576,37.517892195741496,43658.0,4.3658,False,2023-06-01
3120138,당산2동(영등포우체국),D,발달상권,11560,영등포구,11560560,당산2동,190924.0,447794.0,126.89731933174491,37.52959727744345,94477.0,9.4477,False,2023-06-01
3120139,대림3동사거리,D,발달상권,11560,영등포구,11560720,대림3동,190957.0,444527.0,126.89773284883344,37.50016185269042,191427.0,19.1427,False,2023-06-01
3120140,문래동주민센터,D,발달상권,11560,영등포구,11560605,문래동,190952.0,446141.0,126.89765645285517,37.51470400099567,101046.0,10.1046,False,2023-06-01
3120141,영등포청과시장교차로,D,발달상권,11560,영등포구,11560550,당산1동,190996.0,446852.0,126.89814543719598,37.521110555113516,80055.0,8.0055,False,2023-06-01
3120142,대림역,D,발달상권,11560,영등포구,11560720,대림3동,190958.0,443850.0,126.89775247469078,37.49406205775807,142571.0,14.2571,False,2023-06-01
3120143,당산역,D,발달상권,11560,영등포구,11560560,당산2동,191262.0,448366.0,126.90113646243846,37.53475425939831,155541.0,15.5541,False,2023-06-01
3120144,영중로,D,발달상권,11560,영등포구,11560535,영등포동,191608.0,447515.0,126.9050608920634,37.527089960397916,92713.0,9.2713,False,2023-06-01
3120145,영등포역(영등포),D,발달상권,11560,영등포구,11560535,영등포동,191662.0,446554.0,126.90568269638115,37.518431826247316,404780.0,40.478,False,2023-06-01
3120146,한강성심병원,D,발달상권,11560,영등포구,11560535,영등포동,192123.0,447061.0,126.9108919711407,37.523003954723734,140562.0,14.0562,False,2023-06-01
3120147,보라매역,D,발달상권,11590,동작구,11590660,대방동,193019.0,444434.0,126.9210528347971,37.499341803501515,93027.0,9.3027,False,2023-06-01
3120148,국회의사당역(국회의사당),D,발달상권,11560,영등포구,11560540,여의동,192994.0,447676.0,126.92073922815932,37.528552135665585,353915.0,35.3915,False,2023-06-01
3120149,여의도역(여의도),D,발달상권,11560,영등포구,11560540,여의동,193481.0,447024.0,126.92625456940166,37.52268117522845,598658.0,59.8658,False,2023-06-01
3120150,63빌딩,D,발달상권,11560,영등포구,11560540,여의동,194670.0,446691.0,126.93970740059639,37.51968846970371,40709.0,4.0709,False,2023-06-01
3120151,보라매공원,D,발달상권,11590,동작구,11590680,신대방2동,193370.0,443533.0,126.92503035748896,37.49122632480036,119689.0,11.9689,False,2023-06-01
3120152,신대방삼거리역,D,발달상권,11590,동작구,11590660,대방동,193572.0,444444.0,126.92730654329971,37.49943591785432,112198.0,11.2198,False,2023-06-01
3120153,노량진역(노량진),D,발달상권,11590,동작구,11590510,노량진1동,194719.0,446060.0,126.94026621686933,37.51400342204952,443826.0,44.3826,False,2023-06-01
3120154,장승배기역,D,발달상권,11590,동작구,11590540,상도2동,194741.0,444997.0,126.94052266021379,37.50442587266684,84828.0,8.4828,False,2023-06-01
3120155,총신대학교,D,발달상권,11590,동작구,11590651,사당5동,196863.0,443233.0,126.96452920576117,37.4885417638483,46691.0,4.6691,False,2023-06-01
3120156,"총신대입구역(이수, 총신대)",D,발달상권,11590,동작구,11590630,사당2동,198382.0,442950.0,126.98170551541699,37.48599581931474,246965.0,24.6965,False,2023-06-01
3120157,신림역(신림),D,발달상권,11620,관악구,11620695,신림동,193830.0,442811.0,126.93023791719064,37.484724238354964,237915.0,23.7915,False,2023-06-01
3120158,녹두거리(대학동),D,발달상권,11620,관악구,11620735,대학동,194428.0,441211.0,126.93701139594263,37.47031189291646,117372.0,11.7372,False,2023-06-01
3120159,서울대입구역,D,발달상권,11620,관악구,11620595,청룡동,195747.0,442391.0,126.95191519812424,37.48095081284242,235418.0,23.5418,False,2023-06-01
3120160,사당역(사당),D,발달상권,11650,서초구,11650610,방배2동,198414.0,442010.0,126.98206935862177,37.477526391406066,254257.0,25.4257,False,2023-06-01
3120161,방배동가구거리(사당동가구거리),D,발달상권,11650,서초구,11650590,방배본동,198539.0,443946.0,126.98347871451826,37.49497011598593,51195.0,5.1195,False,2023-06-01
3120162,방배동카페골목,D,발달상권,11650,서초구,11650590,방배본동,198745.0,444033.0,126.98580805606069,37.49575429471357,95526.0,9.5526,False,2023-06-01
3120163,사당역 11번(사당역먹자골목),D,발달상권,11650,서초구,11650610,방배2동,198745.0,442219.0,126.9858111476693,37.479410009651765,87254.0,8.7254,False,2023-06-01
3120164,내방역,D,발달상권,11650,서초구,11650621,방배4동,199436.0,443193.0,126.99362274990837,37.4881865132738,212543.0,21.2543,False,2023-06-01
3120165,서래마을카페거리(서래마을),D,발달상권,11650,서초구,11650581,반포4동,199830.0,444291.0,126.99807752566676,37.49807972853628,108614.0,10.8614,False,2023-06-01
3120166,방배역,D,발달상권,11650,서초구,11650600,방배1동,199758.0,442469.0,126.99726390009167,37.48166335266989,193617.0,19.3617,False,2023-06-01
3120167,고속터미널(고속터미널역),D,발달상권,11650,서초구,11650581,반포4동,200465.0,445065.0,127.00525902182616,37.50505341267317,320815.0,32.0815,False,2023-06-01
3120168,서울고교교차로,D,발달상권,11650,서초구,11650530,서초3동,200389.0,442559.0,127.00439815853709,37.482474210471075,49689.0,4.9689,False,2023-06-01
3120169,서초역,D,발달상권,11650,서초구,11650530,서초3동,200760.0,443557.0,127.00859383327243,37.49146604078499,242820.0,24.282,False,2023-06-01
3120170,삼호가든사거리,D,발달상권,11650,서초구,11650581,반포4동,200968.0,444742.0,127.01094738816997,37.5021427744714,100858.0,10.0858,False,2023-06-01
3120171,서초3동사거리,D,발달상권,11650,서초구,11650530,서초3동,201041.0,442583.0,127.01176991309518,37.48268994819888,235083.0,23.5083,False,2023-06-01
3120172,교대입구교차로,D,발달상권,11650,서초구,11650530,서초3동,201112.0,443144.0,127.01257351118741,37.48774452242818,222734.0,22.2734,False,2023-06-01
3120173,교대역(법원.검찰청),D,발달상권,11650,서초구,11650510,서초1동,201307.0,443806.0,127.01477957360925,37.49370893694321,396531.0,39.6531,False,2023-06-01
3120174,논현역 5번,D,발달상권,11650,서초구,11650540,잠원동,201472.0,445681.0,127.01664914657667,37.510602546754264,70278.0,7.0278,False,2023-06-01
3120175,남부터미널역,D,발달상권,11650,서초구,11650510,서초1동,201602.0,442852.0,127.01811336179762,37.485112859065325,259951.0,25.9951,False,2023-06-01
3120176,논현역 4번,D,발달상권,11650,서초구,11650560,반포1동,201666.0,445438.0,127.01884284504105,37.50841277586095,130507.0,13.0507,False,2023-06-01
3120177,신논현역 1번,D,발달상권,11650,서초구,11650560,반포1동,201758.0,445107.0,127.01988259526817,37.50543027869961,140535.0,14.0535,False,2023-06-01
3120178,신사역,D,발달상권,11650,서초구,11650540,잠원동,201729.0,446276.0,127.01955735958386,37.51596307532368,353066.0,35.3066,False,2023-06-01
3120179,양재역,D,발달상권,11650,서초구,11680655,도곡1동,203010.0,442784.0,127.03403294046724,37.48449666021333,348405.0,34.8405,False,2023-06-01
3120180,양재화물트럭터미널앞,D,발달상권,11650,서초구,11650652,양재2동,203255.0,440496.0,127.03679295600685,37.463880723619866,184060.0,18.406,False,2023-06-01
3120181,교육개발원입구사거리,D,발달상권,11650,서초구,11650651,양재1동,203394.0,441974.0,127.0383709514051,37.47719715810381,120183.0,12.0183,False,2023-06-01
3120182,"양재시민의숲역(양재동꽃시장, aT센터)",D,발달상권,11650,서초구,11650652,양재2동,203571.0,441107.0,127.04036782735062,37.469384734750875,301253.0,30.1253,False,2023-06-01
3120183,양재천카페거리,D,발달상권,11650,서초구,11650651,양재1동,203846.0,442351.0,127.0434830155709,37.48059219241175,119809.0,11.9809,False,2023-06-01
3120184,포이사거리(삼호물산),D,발달상권,11650,서초구,11650652,양재2동,203986.0,441948.0,127.04506367970767,37.476960532652974,351949.0,35.1949,False,2023-06-01
3120185,논현역,D,발달상권,11680,강남구,11680521,논현1동,201936.0,445730.0,127.02189737579359,37.51104318260884,321182.0,32.1182,False,2023-06-01
3120186,가로수길,D,발달상권,11680,강남구,11680510,신사동,201996.0,446810.0,127.02257894496486,37.520773893980916,256688.0,25.6688,False,2023-06-01
3120187,신논현역,D,발달상권,11680,강남구,11680521,논현1동,202235.0,445062.0,127.0252772237479,37.50502379513163,382392.0,38.2392,False,2023-06-01
3120188,압구정역,D,발달상권,11680,강남구,11680510,신사동,202482.0,447331.0,127.02807838256538,37.525466937977605,251746.0,25.1746,False,2023-06-01
3120189,강남역,D,발달상권,11650,서초구,11650520,서초2동,202454.0,444235.0,127.0277512942334,37.497571921022974,617547.0,61.7547,False,2023-06-01
3120190,강남을지병원,D,발달상권,11680,강남구,11680545,압구정동,202498.0,446725.0,127.02825732811273,37.52000681942057,295195.0,29.5195,False,2023-06-01
3120191,학동역,D,발달상권,11680,강남구,11680521,논현1동,202659.0,446009.0,127.030075967628,37.51355518506505,366287.0,36.6287,False,2023-06-01
3120192,뱅뱅사거리,D,발달상권,11680,강남구,11680640,역삼1동,202785.0,443423.0,127.03149136697975,37.49025480622536,317600.0,31.76,False,2023-06-01
3120193,도산공원교차로,D,발달상권,11680,강남구,11680545,압구정동,202968.0,446898.0,127.03357465676812,37.52156416261911,185023.0,18.5023,False,2023-06-01
3120194,언주역(차병원),D,발달상권,11680,강남구,11680531,논현2동,203009.0,445326.0,127.03403202540483,37.507400250885674,242446.0,24.2446,False,2023-06-01
3120195,성수대교남단,D,발달상권,11680,강남구,11680545,압구정동,203046.0,447576.0,127.03445981915037,37.527672703399276,126830.0,12.683,False,2023-06-01
3120196,서울세관,D,발달상권,11680,강남구,11680531,논현2동,203125.0,446206.0,127.03534773317891,37.51532870272055,185480.0,18.548,False,2023-06-01
3120197,역삼역,D,발달상권,11680,강남구,11680640,역삼1동,203179.0,444549.0,127.03595138126009,37.50039886971629,562807.0,56.2807,False,2023-06-01
3120198,구역삼세무서,D,발달상권,11680,강남구,11680640,역삼1동,203290.0,444009.0,127.03720426859354,37.495533047288525,291470.0,29.147,False,2023-06-01
3120199,경복아파트교차로,D,발달상권,11680,강남구,11680640,역삼1동,203449.0,445392.0,127.03900876827596,37.507993375465745,112742.0,11.2742,False,2023-06-01
3120200,학동사거리,D,발달상권,11680,강남구,11680565,청담동,203460.0,447067.0,127.03914106133058,37.52308514359039,266597.0,26.6597,False,2023-06-01
3120201,도곡1동,D,발달상권,11680,강남구,11680640,역삼1동,203531.0,443680.0,127.0399279873901,37.492567845169695,169293.0,16.9293,False,2023-06-01
3120202,압구정로데오역(압구정로데오),D,발달상권,11680,강남구,11680545,압구정동,203548.0,447476.0,127.04013853060538,37.526769908043235,265702.0,26.5702,False,2023-06-01
3120203,강남구청역,D,발달상권,11680,강남구,11680531,논현2동,203597.0,446308.0,127.04068715258772,37.51624600787331,173252.0,17.3252,False,2023-06-01
3120204,르네상스호텔사거리,D,발달상권,11680,강남구,11680640,역삼1동,203786.0,444848.0,127.0428174944257,37.50309058792822,160960.0,16.096,False,2023-06-01
3120205,매봉역,D,발달상권,11680,강남구,11680656,도곡2동,203882.0,442769.0,127.04389223582514,37.48435825761846,122443.0,12.2443,False,2023-06-01
3120206,개나리아파트,D,발달상권,11680,강남구,11680650,역삼2동,203905.0,444200.0,127.04415987749287,37.49725157466462,148412.0,14.8412,False,2023-06-01
3120207,선정릉역,D,발달상권,11680,강남구,11680590,삼성2동,204022.0,445778.0,127.04549160322168,37.511468934325215,323475.0,32.3475,False,2023-06-01
3120208,청담사거리(청담동명품거리),D,발달상권,11680,강남구,11680565,청담동,204217.0,447261.0,127.04770569306339,37.524829939342276,331337.0,33.1337,False,2023-06-01
3120209,"강남구청(청담역_8번, 강남세무서)",D,발달상권,11680,강남구,11680565,청담동,204377.0,446586.0,127.04951170686694,37.518747427775544,134148.0,13.4148,False,2023-06-01
3120210,선릉역,D,발달상권,11680,강남구,11680630,대치4동,204364.0,445017.0,127.04935534409971,37.504610736494314,360434.0,36.0434,False,2023-06-01
3120211,도성초등학교,D,발달상권,11680,강남구,11680630,대치4동,204639.0,444576.0,127.05246271839216,37.50063596251089,72437.0,7.2437,False,2023-06-01
3120212,한티역,D,발달상권,11680,강남구,11680630,대치4동,204740.0,444220.0,127.05360263990137,37.49742786880133,112734.0,11.2734,False,2023-06-01
3120213,삼성중앙역,D,발달상권,11680,강남구,11680590,삼성2동,204752.0,445788.0,127.05374846991928,37.511555566201665,228925.0,22.8925,False,2023-06-01
3120214,영동대교남단교차로,D,발달상권,11680,강남구,11680565,청담동,204844.0,447175.0,127.05479819195314,37.524051999592814,89136.0,8.9136,False,2023-06-01
3120215,포스코사거리,D,발달상권,11680,강남구,11680590,삼성2동,204975.0,445263.0,127.05626720528889,37.50682411905423,318626.0,31.8626,False,2023-06-01
3120216,경기고교사거리(경기고교앞사거리),D,발달상권,11680,강남구,11680565,청담동,205005.0,446809.0,127.0566170264108,37.52075347223649,71695.0,7.1695,False,2023-06-01
3120217,대치사거리,D,발달상권,11680,강남구,11680630,대치4동,205165.0,444843.0,127.05841315411682,37.503038855323815,159411.0,15.9411,False,2023-06-01
3120218,코엑스,D,발달상권,11680,강남구,11680580,삼성1동,205226.0,445856.0,127.05911022474449,37.512165687586815,145396.0,14.5396,False,2023-06-01
3120219,은마아파트,D,발달상권,11680,강남구,11680630,대치4동,205359.0,444378.0,127.06060379417548,37.49884807457273,149660.0,14.966,False,2023-06-01
3120220,대치역,D,발달상권,11680,강남구,11680600,대치1동,205508.0,443861.0,127.06228493383837,37.49418899646819,163253.0,16.3253,False,2023-06-01
3120221,봉은사역,D,발달상권,11680,강남구,11680580,삼성1동,205516.0,446111.0,127.0623922667016,37.514461559640345,124926.0,12.4926,False,2023-06-01
3120222,삼성역,D,발달상권,11680,강남구,11680610,대치2동,205584.0,445468.0,127.0631565422859,37.50866769635929,356337.0,35.6337,False,2023-06-01
3120223,휘문고교사거리,D,발달상권,11680,강남구,11680610,대치2동,205806.0,444988.0,127.06566363237545,37.50434150540889,133570.0,13.357,False,2023-06-01
3120224,수서역,D,발달상권,11680,강남구,11680750,수서동,209112.0,443153.0,127.10303046246784,37.48778135783008,60183.0,6.0183,False,2023-06-01
3120225,잠실새내역(신천),D,발달상권,11710,송파구,11710650,잠실본동,207301.0,445671.0,127.08257827282259,37.51048475453087,238047.0,23.8047,False,2023-06-01
3120226,석촌고분역,D,발달상권,11710,송파구,11710600,석촌동,208581.0,444877.0,127.09704648858867,37.503319776176966,129121.0,12.9121,False,2023-06-01
3120227,잠실역,D,발달상권,11710,송파구,11710710,잠실6동,208953.0,446061.0,127.10126801274077,37.513984125156284,526867.0,52.6867,False,2023-06-01
3120228,석촌역(석촌호수),D,발달상권,11710,송파구,11710580,송파1동,209420.0,445178.0,127.1065389661685,37.50602362150059,228150.0,22.815,False,2023-06-01
3120229,방이동먹자골목,D,발달상권,11710,송파구,11710562,방이2동,209657.0,446106.0,127.10923158441175,37.51438248071888,146694.0,14.6694,False,2023-06-01
3120230,송파사거리(송파역),D,발달상권,11710,송파구,11710600,석촌동,209754.0,444634.0,127.11030924458194,37.50111869290323,102341.0,10.2341,False,2023-06-01
3120231,가락시장,D,발달상권,11710,송파구,11710631,가락1동,209881.0,443794.0,127.11173422450965,37.493548902567326,615953.0,61.5953,False,2023-06-01
3120232,송파나루역,D,발달상권,11710,송파구,11710580,송파1동,209906.0,445634.0,127.1120416936602,37.510127110626556,60912.0,6.0912,False,2023-06-01
3120233,몽촌토성역,D,발달상권,11710,송파구,11710562,방이2동,210030.0,446282.0,127.11345302908596,37.51596426728458,115003.0,11.5003,False,2023-06-01
3120234,가락시장역,D,발달상권,11710,송파구,11710620,가락본동,210499.0,443922.0,127.11872437303815,37.494695372966596,165196.0,16.5196,False,2023-06-01
3120235,문정역,D,발달상권,11710,송파구,11710642,문정2동,210608.0,442903.0,127.11994227871702,37.48551288016816,333436.0,33.3436,False,2023-06-01
3120236,장지역(가든파이브),D,발달상권,11710,송파구,11710642,문정2동,210906.0,442074.0,127.12329941654006,37.47804006501339,211338.0,21.1338,False,2023-06-01
3120237,경찰병원역,D,발달상권,11710,송파구,11710620,가락본동,210683.0,444197.0,127.12080906154513,37.497171026660524,198351.0,19.8351,False,2023-06-01
3120238,방이역,D,발달상권,11710,송파구,11710561,방이1동,211087.0,445537.0,127.12539789014706,37.5092397128308,45610.0,4.561,False,2023-06-01
3120239,오금역,D,발달상권,11710,송파구,11710620,가락본동,211154.0,444709.0,127.12614312912443,37.501778600317685,151650.0,15.165,False,2023-06-01
3120240,개롱역,D,발달상권,11710,송파구,11710632,가락2동,211903.0,444074.0,127.1346034500301,37.496047877370465,107416.0,10.7416,False,2023-06-01
3120241,거여역,D,발달상권,11710,송파구,11710532,거여2동,212871.0,443719.0,127.14554370759481,37.49283633356349,94954.0,9.4954,False,2023-06-01
3120242,강동구청역,D,발달상권,11740,강동구,11740640,성내1동,210844.0,447756.0,127.12268220880028,37.5292358132503,205710.0,20.571,False,2023-06-01
3120243,천호역,D,발달상권,11740,강동구,11740610,천호2동,210998.0,448898.0,127.12444156010679,37.53952339614219,215270.0,21.527,False,2023-06-01
3120244,암사역,D,발달상권,11740,강동구,11740580,암사2동,211298.0,450214.0,127.12785627932695,37.55137688984527,80605.0,8.0605,False,2023-06-01
3120245,둔촌역,D,발달상권,11740,강동구,11740660,성내3동,211926.0,447436.0,127.13491805500641,37.526339264970076,165420.0,16.542,False,2023-06-01
3120246,길동역,D,발달상권,11740,강동구,11740685,길동,212223.0,448561.0,127.13829670196431,37.5364716141835,242674.0,24.2674,False,2023-06-01
3120247,굽은다리역,D,발달상권,11740,강동구,11740600,천호1동,212606.0,449599.0,127.14264794652581,37.5458188090804,94552.0,9.4552,False,2023-06-01
3120248,명일역,D,발달상권,11740,강동구,11740530,명일1동,212758.0,450202.0,127.1443784336578,37.55124972361028,143099.0,14.3099,False,2023-06-01
3120249,고덕역,D,발달상권,11740,강동구,11740540,명일2동,213696.0,450444.0,127.1549979775176,37.553416674399095,92407.0,9.2407,False,2023-06-01
3130001,통인시장,R,전통시장,11110,종로구,11110515,청운효자동,197351.0,453449.0,126.97001029915937,37.58058952472732,38280.0,3.828,False,2023-06-01
3130002,세종마을음식문화거리(금천교시장),R,전통시장,11110,종로구,11110530,사직동,197423.0,453030.0,126.97082689411674,37.57681456426163,49557.0,4.9557,False,2023-06-01
3130004,낙원시장(낙원지하시장(대일상가)),R,전통시장,11110,종로구,11110615,종로1·2·3·4가동,198930.0,452581.0,126.98788764600076,37.57277208147925,8689.0,0.8689,False,2023-06-01
3130005,세운상가가동,R,전통시장,11110,종로구,11110615,종로1·2·3·4가동,199597.0,452205.0,126.99543826391313,37.56938487255794,17110.0,1.711,False,2023-06-01
3130007,광장시장(광장전통시장),R,전통시장,11110,종로구,11110615,종로1·2·3·4가동,199984.0,452276.0,126.99981888734061,37.57002466733112,66373.0,6.6373,False,2023-06-01
3130009,마전교지하쇼핑센터(구 한일상가),R,전통시장,11110,종로구,11110630,종로5·6가동,200267.0,452276.0,127.00302231750162,37.57002462878356,4469.0,0.4469,False,2023-06-01
3130010,종로신진시장,R,전통시장,11110,종로구,11110630,종로5·6가동,200454.0,452308.0,127.00513909151054,37.57031287414143,45117.0,4.5117,False,2023-06-01
3130011,충신시장,R,전통시장,11110,종로구,11110630,종로5·6가동,200496.0,452735.0,127.005614802893,37.57416010144733,17934.0,1.7934,False,2023-06-01
3130012,"동대문종합시장(동대문종합시장 신관, 동대문종합시장D동상가)",R,전통시장,11110,종로구,11110630,종로5·6가동,200717.0,452318.0,127.00811615207402,37.57040280654714,39355.0,3.9355,False,2023-06-01
3130013,동대문상가A동,R,전통시장,11110,종로구,11110670,창신1동,200943.0,452267.0,127.0106743157053,37.56994309531374,4486.0,0.4486,False,2023-06-01
3130014,동문시장,R,전통시장,11110,종로구,11110670,창신1동,200970.0,452324.0,127.01098001837083,37.57045663464617,8177.0,0.8177,False,2023-06-01
3130015,창신골목시장,R,전통시장,11110,종로구,11110680,창신2동,200998.0,452635.0,127.01129739060532,37.57325869955633,24588.0,2.4588,False,2023-06-01
3130016,동대문상가B동,R,전통시장,11110,종로구,11110670,창신1동,201060.0,452267.0,127.0119987005556,37.569942968138584,4841.0,0.4841,False,2023-06-01
3130017,동대문상가C동,R,전통시장,11110,종로구,11110670,창신1동,201180.0,452268.0,127.01335704559158,37.56995183222302,6896.0,0.6896,False,2023-06-01
3130018,동대문문구완구거리(동대문문구완구시장),R,전통시장,11110,종로구,11110670,창신1동,201224.0,452431.0,127.01385537696032,37.57142039714012,38586.0,3.8586,False,2023-06-01
3130019,동대문상가D동,R,전통시장,11110,종로구,11110670,창신1동,201322.0,452269.0,127.01496442062972,37.5699606493751,8494.0,0.8494,False,2023-06-01
3130020,동묘시장(동묘벼룩시장),R,전통시장,11110,종로구,11110710,숭인2동,201471.0,452424.0,127.0166513416671,37.57135696622305,31213.0,3.1213,False,2023-06-01
3130021,신설종합시장,R,전통시장,11110,종로구,11110710,숭인2동,201854.0,452569.0,127.02098716952341,37.57266271793546,9800.0,0.98,False,2023-06-01
3130022,숭례문수입상가(남대문시장),R,전통시장,11140,중구,11140540,회현동,197893.0,451101.0,126.97615310251986,37.55943555358122,7685.0,0.7685,False,2023-06-01
3130024,남대문시장(자유상가),R,전통시장,11140,중구,11140540,회현동,198022.0,451117.0,126.97761307341447,37.5595799989541,78068.0,7.8068,False,2023-06-01
3130025,삼익패션타운(남대문시장),R,전통시장,11140,중구,11140540,회현동,198170.0,451158.0,126.97928802926202,37.55994971341981,17829.0,1.7829,False,2023-06-01
3130031,청계천공구상가,R,전통시장,11140,중구,11140605,을지로동,199234.0,452011.0,126.99132950824925,37.56763671074781,29341.0,2.9341,False,2023-06-01
3130032,인현시장,R,전통시장,11140,중구,11140590,광희동,199564.0,451524.0,126.9950651270371,37.563249074916385,19722.0,1.9722,False,2023-06-01
3130033,대림상가(청계상가),R,전통시장,11140,중구,11140605,을지로동,199596.0,452001.0,126.99542705683895,37.56754684099262,11005.0,1.1005,False,2023-06-01
3130034,필동 골목형상점가,R,전통시장,11140,중구,11140570,필동,199682.0,451157.0,126.99640087098757,37.55994246528753,2212.0,0.2212,False,2023-06-01
3130035,방산종합시장(방산시장),R,전통시장,11140,중구,11140605,을지로동,200015.0,452052.0,127.00016978853688,37.56800643727236,99727.0,9.9727,False,2023-06-01
3130036,중부시장(신중부시장),R,전통시장,11140,중구,11140590,광희동,200023.0,451787.0,127.00026033411363,37.56561879795517,92243.0,9.2243,False,2023-06-01
3130038,"평화시장(통일상가, 동화상가)",R,전통시장,11140,중구,11140590,광희동,200712.0,452140.0,127.00805938127436,37.568799038486276,133610.0,13.361,False,2023-06-01
3130042,약수시장,R,전통시장,11140,중구,11140635,약수동,200969.0,450370.0,127.01096611803989,37.552851160586386,28173.0,2.8173,False,2023-06-01
3130046,team204(팀204),R,전통시장,11140,중구,11140615,신당동,201168.0,452028.0,127.01322082902274,37.567789458151104,4222.0,0.4222,False,2023-06-01
3130047,테크노상가(엘리시움),R,전통시장,11140,중구,11140615,신당동,201143.0,452157.0,127.01293804999199,37.56895177388359,10175.0,1.0175,False,2023-06-01
3130048,동평화시장,R,전통시장,11140,중구,11140615,신당동,201165.0,452217.0,127.01318717162883,37.569492343638345,8633.0,0.8633,False,2023-06-01
3130049,신당 미래유산 먹거리 골목형상점가,R,전통시장,11140,중구,11140615,신당동,201309.0,451478.0,127.01481585512616,37.56283379005172,10196.0,1.0196,False,2023-06-01
3130050,청평화시장,R,전통시장,11140,중구,11140615,신당동,201330.0,452194.0,127.01505484086677,37.569284891277775,14440.0,1.444,False,2023-06-01
3130051,동화동 골목형상점가,R,전통시장,11140,중구,11140665,동화동,201543.0,451430.0,127.0174642720972,37.562400949660706,60206.0,6.0206,False,2023-06-01
3130052,서울중앙시장(신중앙시장),R,전통시장,11140,중구,11140670,황학동,201683.0,451934.0,127.0190500025929,37.56694172540423,70002.0,7.0002,False,2023-06-01
3130053,백학시장,R,전통시장,11140,중구,11140650,신당5동,201732.0,451624.0,127.01960390526176,37.564148546858945,42212.0,4.2212,False,2023-06-01
3130054,황학동주방가구거리상점가,R,전통시장,11140,중구,11140670,황학동,201822.0,452134.0,127.02062385070211,37.56874345242766,72884.0,7.2884,False,2023-06-01
3130055,"황학시장(서울중앙시장, 신중앙시장)",R,전통시장,11140,중구,11140670,황학동,201889.0,451973.0,127.02138183226498,37.56729271449446,39709.0,3.9709,False,2023-06-01
3130056,용산용문시장,R,전통시장,11170,용산구,11170590,용문동,196483.0,448549.0,126.96020703642976,37.53643776824452,40246.0,4.0246,False,2023-06-01
3130057,만리시장,R,전통시장,11170,용산구,11170555,청파동,196790.0,450199.0,126.9636733629116,37.5513053749826,6775.0,0.6775,False,2023-06-01
3130058,이촌종합시장,R,전통시장,11170,용산구,11170630,이촌1동,197769.0,446792.0,126.97476276716444,37.52061117535613,7486.0,0.7486,False,2023-06-01
3130059,후암시장,R,전통시장,11170,용산구,11170510,후암동,197903.0,450066.0,126.976269239126,37.55011025049145,33290.0,3.329,False,2023-06-01
3130060,신흥시장,R,전통시장,11170,용산구,11170520,용산2가동,198682.0,449528.0,126.98508578050837,37.545264319566485,3810.0,0.381,False,2023-06-01
3130061,이태원시장,R,전통시장,11170,용산구,11170650,이태원1동,199066.0,448264.0,126.989432653557,37.533876147691984,10573.0,1.0573,False,2023-06-01
3130062,보광시장,R,전통시장,11170,용산구,11170700,보광동,200001.0,447575.0,127.00001131313785,37.5276687206977,10506.0,1.0506,False,2023-06-01
3130063,신금호역 골목형상점가,R,전통시장,11200,성동구,11200615,금호2·3가동,201778.0,450475.0,127.02012177910738,37.553796003149266,15024.0,1.5024,False,2023-06-01
3130064,금남시장,R,전통시장,11200,성동구,11200615,금호2·3가동,201970.0,449892.0,127.02229309489866,37.548542793172565,11274.0,1.1274,False,2023-06-01
3130065,무학봉상점가,R,전통시장,11200,성동구,11200520,왕십리2동,202706.0,451363.0,127.03062730842754,37.561794601083406,69338.0,6.9338,False,2023-06-01
3130066,행당시장상점가,R,전통시장,11200,성동구,11200560,행당1동,202943.0,451296.0,127.03330947537896,37.56119020706231,81008.0,8.1008,False,2023-06-01
3130067,왕십리도선동상점가,R,전통시장,11200,성동구,11200535,왕십리도선동,203030.0,451634.0,127.03429555496501,37.56423529288941,86695.0,8.6695,False,2023-06-01
3130068,마장축산물시장,R,전통시장,11200,성동구,11200540,마장동,203467.0,452337.0,127.03924513354147,37.57056775156418,218303.0,21.8303,False,2023-06-01
3130069,"한양대앞상점가(한양시장, 왕십리맛골목)",R,전통시장,11200,성동구,11200550,사근동,203578.0,451118.0,127.0404956656241,37.55958418660104,23243.0,2.3243,False,2023-06-01
3130070,뚝섬역상점가,R,전통시장,11200,성동구,11200660,성수1가2동,204339.0,449882.0,127.0491013245784,37.54844458881305,56166.0,5.6166,False,2023-06-01
3130071,성수역 골목형상점가,R,전통시장,11200,성동구,11200690,성수2가3동,204684.0,449660.0,127.05300402225494,37.54644268418828,10659.0,1.0659,False,2023-06-01
3130072,성동용답상가시장,R,전통시장,11200,성동구,11200790,용답동,204691.0,451606.0,127.05309567240351,37.56397605594527,118065.0,11.8065,False,2023-06-01
3130073,뚝도시장,R,전통시장,11200,성동구,11200670,성수2가1동,204817.0,448747.0,127.05450305757532,37.53821587593947,21456.0,2.1456,False,2023-06-01
3130074,영동교골목시장,R,전통시장,11215,광진구,11215847,자양4동,205643.0,448742.0,127.06384898175966,37.53816614264753,14261.0,1.4261,False,2023-06-01
3130075,노룬산시장(노룬산골목시장),R,전통시장,11215,광진구,11215847,자양4동,205724.0,448577.0,127.06476418803797,37.53667899385455,10816.0,1.0816,False,2023-06-01
3130076,능동로골목시장,R,전통시장,11215,광진구,11215847,자양4동,205916.0,448409.0,127.06693521742882,37.535164102474056,28990.0,2.899,False,2023-06-01
3130077,조양시장,R,전통시장,11215,광진구,11215847,자양4동,205965.0,448824.0,127.06749298622422,37.53890293625988,5328.0,0.5328,False,2023-06-01
3130078,화양제일골목시장,R,전통시장,11215,광진구,11215710,화양동,206085.0,449309.0,127.06885478385165,37.54327199850427,18616.0,1.8616,False,2023-06-01
3130079,한아름시장,R,전통시장,11215,광진구,11215710,화양동,206170.0,449309.0,127.06981660023206,37.54327143375998,11040.0,1.104,False,2023-06-01
3130080,자양종합시장(기능상실),R,전통시장,11215,광진구,11215830,자양2동,206753.0,448042.0,127.07640188035911,37.531851684483776,6160.0,0.616,False,2023-06-01
3130081,자양골목전통시장(자양골목시장),R,전통시장,11215,광진구,11215820,자양1동,207041.0,448310.0,127.07966281124935,37.534264212110614,43688.0,4.3688,False,2023-06-01
3130082,면곡골목시장,R,전통시장,11215,광진구,11215760,중곡3동,207179.0,452397.0,127.0812641334079,37.57108690253765,7793.0,0.7793,False,2023-06-01
3130083,"중곡제일시장(중곡제일골목시장, 광성시장)",R,전통시장,11215,광진구,11215740,중곡1동,207176.0,451590.0,127.08122227894704,37.563815897057864,41751.0,4.1751,False,2023-06-01
3130084,신성시장(신성골목시장),R,전통시장,11215,광진구,11215770,중곡4동,207823.0,450945.0,127.08853852877348,37.55799920949211,16181.0,1.6181,False,2023-06-01
3130085,용두시장,R,전통시장,11230,동대문구,11230536,용신동,202630.0,453217.0,127.02977376682146,37.5784992734779,5527.0,0.5527,False,2023-06-01
3130086,서울약령시장,R,전통시장,11230,동대문구,11230545,제기동,203314.0,453617.0,127.03751901744349,37.582101041068036,165313.0,16.5313,False,2023-06-01
3130087,경동광성상가(경동시장),R,전통시장,11230,동대문구,11230545,제기동,203445.0,453527.0,127.03900169348194,37.581289666284995,20976.0,2.0976,False,2023-06-01
3130088,경동시장,R,전통시장,11230,동대문구,11230545,제기동,203454.0,453277.0,127.03910240665613,37.57903714844312,21323.0,2.1323,False,2023-06-01
3130089,청량리수산시장,R,전통시장,11230,동대문구,11230536,용신동,203592.0,453168.0,127.04066415712867,37.578054537274,30328.0,3.0328,False,2023-06-01
3130090,청량리종합시장,R,전통시장,11230,동대문구,11230545,제기동,203585.0,453348.0,127.04058579213904,37.5796763534493,24349.0,2.4349,False,2023-06-01
3130091,청량종합도매시장,R,전통시장,11230,동대문구,11230545,제기동,203592.0,453624.0,127.04066639168131,37.582163068292964,45678.0,4.5678,False,2023-06-01
3130092,청량리농수산물시장,R,전통시장,11230,동대문구,11230545,제기동,203589.0,453469.0,127.04063166858518,37.58076654016087,32477.0,3.2477,False,2023-06-01
3130093,동서시장,R,전통시장,11230,동대문구,11230545,제기동,203663.0,453370.0,127.04146894002118,37.57987426515819,4579.0,0.4579,False,2023-06-01
3130094,청량리청과물시장,R,전통시장,11230,동대문구,11230545,제기동,203780.0,453376.0,127.04279353136617,37.57992785203541,28297.0,2.8297,False,2023-06-01
3130095,청량리전통시장,R,전통시장,11230,동대문구,11230545,제기동,203840.0,453595.0,127.04347394090436,37.58190077957837,30889.0,3.0889,False,2023-06-01
3130096,동부시장,R,전통시장,11230,동대문구,11230600,답십리1동,204647.0,451974.0,127.05259998437835,37.56729194306387,6617.0,0.6617,False,2023-06-01
3130097,답십리 건축자재시장,R,전통시장,11230,동대문구,11230600,답십리1동,204773.0,452043.0,127.05402664285548,37.567912985834916,51943.0,5.1943,False,2023-06-01
3130098,회기시장,R,전통시장,11230,동대문구,11230710,회기동,204907.0,454615.0,127.0555606350863,37.59108583584549,32212.0,3.2212,False,2023-06-01
3130099,전농로터리시장,R,전통시장,11230,동대문구,11230560,전농1동,205012.0,453131.0,127.05673937211046,37.5777145374873,21809.0,2.1809,False,2023-06-01
3130100,답십리시장,R,전통시장,11230,동대문구,11230610,답십리2동,205141.0,452676.0,127.05819655188152,37.57361430344286,22189.0,2.2189,False,2023-06-01
3130101,답십리현대시장,R,전통시장,11230,동대문구,11230610,답십리2동,205160.0,451944.0,127.0584064829874,37.56701891454301,18344.0,1.8344,False,2023-06-01
3130102,이문제일시장,R,전통시장,11230,동대문구,11230750,이문2동,205511.0,456109.0,127.06241080254412,37.60454321848722,7291.0,0.7291,False,2023-06-01
3130103,이경시장,R,전통시장,11230,동대문구,11230720,휘경1동,205838.0,455017.0,127.06610529432008,37.59470238816532,11622.0,1.1622,False,2023-06-01
3130104,전곡시장,R,전통시장,11230,동대문구,11230660,장안2동,206069.0,453113.0,127.0687052008002,37.57754600078729,26448.0,2.6448,False,2023-06-01
3130105,장미제일시장(중화동제일시장),R,전통시장,11260,중랑구,11260610,중화2동,206703.0,456124.0,127.07591005475724,37.60467045630096,26867.0,2.6867,False,2023-06-01
3130106,중랑동부시장,R,전통시장,11260,중랑구,11260520,면목2동,206787.0,454757.0,127.07684866751794,37.59235330398023,50468.0,5.0468,False,2023-06-01
3130107,중랑동부시장(중랑교종합상가),R,전통시장,11260,중랑구,11260590,상봉2동,206823.0,454827.0,127.07725694432655,37.592983731670216,7887.0,0.7887,False,2023-06-01
3130108,태능엔터피아(태릉시장),R,전통시장,11260,중랑구,11260610,중화2동,206854.0,455524.0,127.07761447999421,37.599263405824814,4443.0,0.4443,False,2023-06-01
3130109,묵1동도깨비시장,R,전통시장,11260,중랑구,11260620,묵1동,207110.0,457444.0,127.0805320624113,37.61656044737766,29000.0,2.9,False,2023-06-01
3130110,면목골목시장(면목시장),R,전통시장,11260,중랑구,11260570,면목7동,207544.0,453238.0,127.08540447332216,37.578661342932705,60053.0,6.0053,False,2023-06-01
3130111,"동원전통종합시장(동원시장, 동원전통시장 상점가)",R,전통시장,11260,중랑구,11260565,면목본동,208009.0,454485.0,127.09068228925852,37.5898927885685,90850.0,9.085,False,2023-06-01
3130112,사가정시장,R,전통시장,11260,중랑구,11260575,면목3·8동,208001.0,453529.0,127.09058127117568,37.58127937551352,59114.0,5.9114,False,2023-06-01
3130113,신아타운,R,전통시장,11260,중랑구,11260690,신내2동,208347.0,456318.0,127.09453019739246,37.60640493090832,5817.0,0.5817,False,2023-06-01
3130114,유영시장,R,전통시장,11260,중랑구,11260660,망우3동,208554.0,454672.0,127.09685525362762,37.591572739562324,5784.0,0.5784,False,2023-06-01
3130115,우림골목시장,R,전통시장,11260,중랑구,11260655,망우본동,208640.0,455380.0,127.09783736459457,37.59795094791739,78310.0,7.831,False,2023-06-01
3130116,동성타워프라자,R,전통시장,11260,중랑구,11260680,신내1동,208594.0,456497.0,127.09732958269669,37.60801542644963,4108.0,0.4108,False,2023-06-01
3130117,정릉시장,R,전통시장,11290,성북구,11290640,정릉3동,200788.0,456537.0,127.00892438114056,37.608415619509636,53318.0,5.3318,False,2023-06-01
3130118,정릉골 골목형상점가,R,전통시장,11290,성북구,11290650,정릉4동,200875.0,456986.0,127.00991022394567,37.61246098247082,26683.0,2.6683,False,2023-06-01
3130119,정릉아리랑시장,R,전통시장,11290,성북구,11290630,정릉2동,201059.0,455924.0,127.01199266603759,37.60289227915838,23266.0,2.3266,False,2023-06-01
3130120,돈암시장(돈암제일시장),R,전통시장,11290,성북구,11290555,삼선동,201401.0,454697.0,127.01586330439119,37.59183666007532,20332.0,2.0332,False,2023-06-01
3130121,길음시장,R,전통시장,11290,성북구,11290660,길음1동,201933.0,455901.0,127.02189023475432,37.6026836306172,7946.0,0.7946,False,2023-06-01
3130122,밤나무골시장,R,전통시장,11290,성북구,11290715,월곡1동,203140.0,456580.0,127.03556180179777,37.608798024461855,6751.0,0.6751,False,2023-06-01
3130123,꿈의숲 장곡 골목형상점가,R,전통시장,11290,성북구,11290760,장위1동,204112.0,457600.0,127.04657583318803,37.61798427637643,12762.0,1.2762,False,2023-06-01
3130124,번동시장,R,전통시장,11290,성북구,11290780,장위3동,204237.0,457971.0,127.04799383237473,37.62132637269066,7426.0,0.7426,False,2023-06-01
3130125,장위전통시장,R,전통시장,11290,성북구,11290770,장위2동,204520.0,456886.0,127.0511927587876,37.611549306075105,58889.0,5.8889,False,2023-06-01
3130126,새석관시장,R,전통시장,11290,성북구,11290810,석관동,204666.0,456526.0,127.05284403459643,37.6083050170555,7327.0,0.7327,False,2023-06-01
3130127,석관시장,R,전통시장,11290,성북구,11290810,석관동,205334.0,456601.0,127.0604099043718,37.608977128783096,7879.0,0.7879,False,2023-06-01
3130128,돌곶이시장(석관황금시장),R,전통시장,11290,성북구,11290810,석관동,205475.0,456688.0,127.06200744152153,37.609760160870856,48175.0,4.8175,False,2023-06-01
3130129,장미원골목시장,R,전통시장,11305,강북구,11305645,우이동,201264.0,460597.0,127.01432226802713,37.64499514923177,43525.0,4.3525,False,2023-06-01
3130130,수유북부골목시장,R,전통시장,11305,강북구,11305660,인수동,201421.0,459635.0,127.0160993500576,37.63632744831098,4552.0,0.4552,False,2023-06-01
3130131,동북프라자,R,전통시장,11305,강북구,11305534,삼양동,201694.0,457845.0,127.01918818191714,37.620199328252276,8454.0,0.8454,False,2023-06-01
3130132,삼양골목시장(삼양시장),R,전통시장,11305,강북구,11305534,삼양동,201680.0,458392.0,127.01903085822751,37.625127754513265,47564.0,4.7564,False,2023-06-01
3130133,우이골목시장(우이시장),R,전통시장,11305,강북구,11305625,수유2동,201751.0,460755.0,127.01984079873594,37.646417904646825,54278.0,5.4278,False,2023-06-01
3130134,"솔샘시장(미아6,7동골목시장)",R,전통시장,11305,강북구,11305575,삼각산동,201740.0,457759.0,127.01970902596746,37.619424392917104,21168.0,2.1168,False,2023-06-01
3130135,수유중앙골목시장(수유중앙시장),R,전통시장,11305,강북구,11305635,수유3동,201872.0,460117.0,127.02121023022548,37.640669387535105,30758.0,3.0758,False,2023-06-01
3130136,수유재래시장,R,전통시장,11305,강북구,11305615,수유1동,201913.0,459134.0,127.02167219794883,37.63181261843563,10960.0,1.096,False,2023-06-01
3130137,"수유전통시장(수유시장, 수유골목시장)",R,전통시장,11305,강북구,11305615,수유1동,201998.0,459062.0,127.02263495817303,37.63116372775732,37023.0,3.7023,False,2023-06-01
3130138,수유프라자,R,전통시장,11305,강북구,11305615,수유1동,202081.0,459124.0,127.02357542562041,37.63172215491063,2065.0,0.2065,False,2023-06-01
3130139,강북종합전통시장(강북종합골목시장),R,전통시장,11305,강북구,11305635,수유3동,202329.0,460268.0,127.02638863579227,37.6420288294882,74901.0,7.4901,False,2023-06-01
3130140,숭인시장,R,전통시장,11305,강북구,11305555,송천동,202587.0,457096.0,127.02930067226463,37.613448848788266,32450.0,3.245,False,2023-06-01
3130141,강북북부골목시장,R,전통시장,11305,강북구,11305595,번1동,202637.0,459570.0,127.02987589797466,37.635739123734425,30294.0,3.0294,False,2023-06-01
3130142,강북북부시장,R,전통시장,11305,강북구,11305595,번1동,202680.0,459624.0,127.03036326449627,37.636225531374436,4209.0,0.4209,False,2023-06-01
3130143,방천골목시장,R,전통시장,11305,강북구,11305545,송중동,202925.0,457018.0,127.0331285884906,37.61274506502053,20242.0,2.0242,False,2023-06-01
3130144,백운시장,R,전통시장,11320,도봉구,11320660,쌍문1동,201378.0,461769.0,127.01561620244364,37.655554507256184,16119.0,1.6119,False,2023-06-01
3130145,쌍문역둘리상점가,R,전통시장,11320,도봉구,11320680,쌍문3동,202849.0,460721.0,127.03228223922855,37.646108821776444,32420.0,3.242,False,2023-06-01
3130146,쌍문시장(쌍문역골목시장),R,전통시장,11320,도봉구,11320680,쌍문3동,202853.0,460960.0,127.03232849684814,37.64826215983706,108994.0,10.8994,False,2023-06-01
3130147,쌍문역동측상점가,R,전통시장,11320,도봉구,11320511,창1동,203089.0,460798.0,127.03500202288689,37.646801803623134,33857.0,3.3857,False,2023-06-01
3130148,방학동도깨비시장,R,전통시장,11320,도봉구,11320700,방학2동,203111.0,462837.0,127.035259995178,37.66517275413174,42546.0,4.2546,False,2023-06-01
3130149,창동신창시장,R,전통시장,11320,도봉구,11320512,창2동,203283.0,460012.0,127.03719674055579,37.63971939657944,58415.0,5.8415,False,2023-06-01
3130150,창동골목시장,R,전통시장,11320,도봉구,11320513,창3동,203458.0,459884.0,127.03917890321956,37.638565494481114,39982.0,3.9982,False,2023-06-01
3130151,신도봉시장,R,전통시장,11320,도봉구,11320521,도봉1동,203672.0,463403.0,127.041621201212,37.67027023012127,8485.0,0.8485,False,2023-06-01
3130152,오!도봉거리 상점가,R,전통시장,11320,도봉구,11320522,도봉2동,204052.0,463707.0,127.04593009301799,37.67300760947145,24434.0,2.4434,False,2023-06-01
3130153,창동역상점가,R,전통시장,11320,도봉구,11320514,창4동,204350.0,461477.0,127.04929468332364,37.65291437264393,33628.0,3.3628,False,2023-06-01
3130154,상계주공1단지(가)상가,R,전통시장,11350,노원구,11350695,상계6·7동,205249.0,460811.0,127.05947746098064,37.646909130929785,6758.0,0.6758,False,2023-06-01
3130155,시영B상가(중계 그린아파트 B 상가),R,전통시장,11350,노원구,11350625,중계2·3동,205667.0,460390.0,127.0642106340685,37.643113507953586,8516.0,0.8516,False,2023-06-01
3130156,시영2단지 무지개종합상가(중계 무지개2단지아파트상가),R,전통시장,11350,노원구,11350625,중계2·3동,205794.0,460391.0,127.0656496301167,37.64312172583287,15764.0,1.5764,False,2023-06-01
3130157,상계중앙시장,R,전통시장,11350,노원구,11350670,상계5동,206204.0,462218.0,127.07031070024264,37.6595799957123,52463.0,5.2463,False,2023-06-01
3130158,상계역전종합상가,R,전통시장,11350,노원구,11350670,상계5동,206452.0,462381.0,127.07312275332683,37.66104688575681,11940.0,1.194,False,2023-06-01
3130159,공릉동 도깨비시장,R,전통시장,11350,노원구,11350595,공릉1동,206706.0,458084.0,127.0759619898985,37.62232979861504,57720.0,5.772,False,2023-06-01
3130160,수일시장,R,전통시장,11380,은평구,11380650,수색동,190733.0,453738.0,126.89508341223456,37.58315058059546,11753.0,1.1753,False,2023-06-01
3130161,증산종합시장,R,전통시장,11380,은평구,11380640,증산동,191631.0,453575.0,126.90525199100226,37.581690561573076,8072.0,0.8072,False,2023-06-01
3130162,증산골목시장,R,전통시장,11380,은평구,11380640,증산동,192205.0,454342.0,126.91174225478456,37.588606207517,7969.0,0.7969,False,2023-06-01
3130163,응암오거리상점가,R,전통시장,11380,은평구,11380600,응암3동,192561.0,454386.0,126.91577256180094,37.589005588838134,53602.0,5.3602,False,2023-06-01
3130164,역촌중앙시장,R,전통시장,11380,은평구,11380552,갈현2동,192605.0,457088.0,126.9162434599438,37.613350684505136,5144.0,0.5144,False,2023-06-01
3130165,"대림골목시장(대림시장, 양지시장)",R,전통시장,11380,은평구,11380600,응암3동,192702.0,454159.0,126.91737128158209,37.58696146601027,25330.0,2.533,False,2023-06-01
3130166,응암시장(신응암시장),R,전통시장,11380,은평구,11380590,응암2동,192811.0,454967.0,126.91859746125793,37.59424233359873,8255.0,0.8255,False,2023-06-01
3130167,연신내상점가(연빛거리),R,전통시장,11380,은평구,11380551,갈현1동,192841.0,457827.0,126.9189091874764,37.62001084800509,100156.0,10.0156,False,2023-06-01
3130168,연서시장,R,전통시장,11380,은평구,11380530,불광2동,193102.0,457788.0,126.921865929517,37.619661457661024,21658.0,2.1658,False,2023-06-01
3130169,대조시장,R,전통시장,11380,은평구,11380570,대조동,193520.0,456658.0,126.92661064407326,37.60948333491433,54016.0,5.4016,False,2023-06-01
3130170,제일시장,R,전통시장,11380,은평구,11380570,대조동,193757.0,456715.0,126.92929430372786,37.60999853710633,21253.0,2.1253,False,2023-06-01
3130171,불광먹자골목 골목형상점가,R,전통시장,11380,은평구,11380520,불광1동,193917.0,456762.0,126.93110600726544,37.61042307352421,45981.0,4.5981,False,2023-06-01
3130172,모래내시장(서중시장),R,전통시장,11410,서대문구,11410690,남가좌1동,192506.0,452283.0,126.91517132922465,37.570057260670644,24841.0,2.4841,False,2023-06-01
3130173,백련시장,R,전통시장,11410,서대문구,11410700,남가좌2동,193207.0,453049.0,126.92309922703483,37.576964310186476,2130.0,0.213,False,2023-06-01
3130174,연희사러가,R,전통시장,11410,서대문구,11410615,연희동,193787.0,451957.0,126.92967441702456,37.56712954571611,4763.0,0.4763,False,2023-06-01
3130175,신촌 상인회(신촌상점가),R,전통시장,11410,서대문구,11410585,신촌동,194450.0,450775.0,126.93718791894086,37.55648400325054,6147.0,0.6147,False,2023-06-01
3130176,유진상가,R,전통시장,11410,서대문구,11410660,홍은1동,194956.0,454672.0,126.94288775918254,37.59159866074119,18531.0,1.8531,False,2023-06-01
3130177,인왕시장(홍제골목형상점가),R,전통시장,11410,서대문구,11410640,홍제3동,194989.0,454592.0,126.94326195885587,37.590878047566285,22776.0,2.2776,False,2023-06-01
3130178,이대 앞 스타트업 상점가,R,전통시장,11410,서대문구,11410585,신촌동,195118.0,451097.0,126.94474585797639,37.55938899289618,7526.0,0.7526,False,2023-06-01
3130179,"이화여대 3,5,7길 상점가",R,전통시장,11410,서대문구,11410585,신촌동,195141.0,450967.0,126.94500703113256,37.55821781870094,55638.0,5.5638,False,2023-06-01
3130180,포방터시장,R,전통시장,11410,서대문구,11410660,홍은1동,195483.0,455484.0,126.94884986890911,37.59891744567869,28614.0,2.8614,False,2023-06-01
3130181,아현가구거리상점가,R,전통시장,11410,서대문구,11410555,북아현동,196352.0,450951.0,126.95871290751037,37.5580792473986,45816.0,4.5816,False,2023-06-01
3130182,영천시장,R,전통시장,11410,서대문구,11410520,천연동,196546.0,452358.0,126.96090192262106,37.570757009363376,41803.0,4.1803,False,2023-06-01
3130183,상암동상점가,R,전통시장,11440,마포구,11440740,상암동,190781.0,453048.0,126.89563552270695,37.57693421490402,127514.0,12.7514,False,2023-06-01
3130184,마포농수산물시장,R,전통시장,11440,마포구,11440730,성산2동,190895.0,451575.0,126.89694435531635,37.5636637084746,217669.0,21.7669,False,2023-06-01
3130185,망원월드컵시장,R,전통시장,11440,마포구,11440700,망원2동,191644.0,450958.0,126.90542898536684,37.55811166132196,30025.0,3.0025,False,2023-06-01
3130186,망원시장,R,전통시장,11440,마포구,11440690,망원1동,191763.0,450761.0,126.9067780057123,37.556337769934125,42916.0,4.2916,False,2023-06-01
3130187,영진시장,R,전통시장,11440,마포구,11440660,서교동,192299.0,450437.0,126.91284756227623,37.553423174304896,6512.0,0.6512,False,2023-06-01
3130188,합정시장,R,전통시장,11440,마포구,11440680,합정동,192324.0,449864.0,126.91313647940196,37.54826066820141,1869.0,0.1869,False,2023-06-01
3130189,서교시장,R,전통시장,11440,마포구,11440660,서교동,193066.0,450432.0,126.9215277626248,37.55338421232729,5460.0,0.546,False,2023-06-01
3130190,홍대소상공인상점가,R,전통시장,11440,마포구,11440660,서교동,193084.0,450375.0,126.9217320059454,37.552870779154695,35891.0,3.5891,False,2023-06-01
3130191,홍대 걷고싶은 거리,R,전통시장,11440,마포구,11440660,서교동,193388.0,450714.0,126.92516930057609,37.55592738947102,58130.0,5.813,False,2023-06-01
3130192,동진시장,R,전통시장,11440,마포구,11440710,연남동,193538.0,451420.0,126.92686069302314,37.56228948738991,4091.0,0.4091,False,2023-06-01
3130193,신수시장,R,전통시장,11440,마포구,11440630,신수동,194286.0,449527.0,126.93534156571492,37.545238549073225,6691.0,0.6691,False,2023-06-01
3130194,용강동 상점가,R,전통시장,11440,마포구,11440590,용강동,194876.0,449054.0,126.94202117995043,37.54098029045354,54198.0,5.4198,False,2023-06-01
3130195,도화동 상점가,R,전통시장,11440,마포구,11440585,도화동,195525.0,448962.0,126.94936526895951,37.54015474803384,101880.0,10.188,False,2023-06-01
3130196,공덕시장,R,전통시장,11440,마포구,11440565,공덕동,195839.0,449451.0,126.95291541458442,37.544562104805244,7426.0,0.7426,False,2023-06-01
3130197,마포시장,R,전통시장,11440,마포구,11440565,공덕동,195890.0,449503.0,126.95349222353494,37.545030852974264,9701.0,0.9701,False,2023-06-01
3130198,아현시장,R,전통시장,11440,마포구,11440555,아현동,195969.0,450765.0,126.95437923840942,37.55640179747845,27671.0,2.7671,False,2023-06-01
3130199,신월3동 골목시장,R,전통시장,11470,양천구,11470580,신월3동,184634.0,448266.0,126.82614824039992,37.53376667473931,21147.0,2.1147,False,2023-06-01
3130200,"신월7동 골목시장(약수시장, 우성상가)",R,전통시장,11470,양천구,11470611,신월7동,185253.0,447069.0,126.83317563247367,37.52299183140488,13685.0,1.3685,False,2023-06-01
3130201,월정로시장,R,전통시장,11470,양천구,11470560,신월1동,185340.0,448178.0,126.83413768730992,37.53298528592846,34925.0,3.4925,False,2023-06-01
3130202,신영시장,R,전통시장,11470,양천구,11470560,신월1동,185484.0,448177.0,126.83576690779803,37.53297855287002,45406.0,4.5406,False,2023-06-01
3130203,서서울 골목형상점가,R,전통시장,11470,양천구,11470560,신월1동,185608.0,447927.0,126.83717472744674,37.53072800152082,20663.0,2.0663,False,2023-06-01
3130204,경창시장,R,전통시장,11470,양천구,11470570,신월2동,186037.0,447238.0,126.84204133356599,37.52452671398131,31087.0,3.1087,False,2023-06-01
3130205,신곡종합시장(신월6동 골목시장),R,전통시장,11470,양천구,11470610,신월6동,186079.0,446521.0,126.84253004100496,37.51806718237568,20768.0,2.0768,False,2023-06-01
3130206,신정3동 골목시장,R,전통시장,11470,양천구,11470640,신정3동,187022.0,446574.0,126.85319599069338,37.51855845216453,4699.0,0.4699,False,2023-06-01
3130207,신정1동 골목시장(신정제일시장),R,전통시장,11470,양천구,11470620,신정1동,187121.0,446835.0,126.85431127941531,37.520911449240785,15853.0,1.5853,False,2023-06-01
3130208,목동깨비시장(목3동시장),R,전통시장,11470,양천구,11470530,목3동,188063.0,449908.0,126.86491733158257,37.5486117904514,52508.0,5.2508,False,2023-06-01
3130209,목사랑시장(목4동시장),R,전통시장,11470,양천구,11470540,목4동,188196.0,448723.0,126.86644144350849,37.537936687572206,35003.0,3.5003,False,2023-06-01
3130210,목2동시장,R,전통시장,11470,양천구,11470520,목2동,188802.0,449649.0,126.87328400792201,37.546287479890665,42782.0,4.2782,False,2023-06-01
3130211,신정2동 골목시장(오목교중앙시장),R,전통시장,11470,양천구,11470630,신정2동,189057.0,446789.0,126.87621216654375,37.52052197241338,21996.0,2.1996,False,2023-06-01
3130212,공항시장,R,전통시장,11500,강서구,11500640,방화2동,183093.0,451520.0,126.80863843129409,37.56305805598377,25563.0,2.5563,False,2023-06-01
3130213,방신전통시장,R,전통시장,11500,강서구,11500630,방화1동,183423.0,452471.0,126.8123520184988,37.57163247505761,18960.0,1.896,False,2023-06-01
3130214,송화벽화시장(송화골목시장),R,전통시장,11500,강서구,11500611,발산1동,185468.0,449994.0,126.83554993267786,37.54934940030913,30423.0,3.0423,False,2023-06-01
3130215,대원종합시장,R,전통시장,11500,강서구,11500560,화곡3동,185545.0,449460.0,126.836431806202,37.544539295937724,3092.0,0.3092,False,2023-06-01
3130216,화곡중앙시장,R,전통시장,11500,강서구,11500540,화곡1동,185783.0,448352.0,126.83914637585272,37.53455995429771,34409.0,3.4409,False,2023-06-01
3130217,화곡본동시장,R,전통시장,11500,강서구,11500590,화곡본동,186203.0,449328.0,126.84387997962403,37.543360060071144,21265.0,2.1265,False,2023-06-01
3130218,신월중앙시장,R,전통시장,11500,강서구,11500535,등촌3동,186245.0,451048.0,126.8443229995867,37.55885780100995,6449.0,0.6449,False,2023-06-01
3130219,까치산시장,R,전통시장,11500,강서구,11500593,화곡8동,186491.0,448139.0,126.84716070133159,37.53265146811778,39544.0,3.9544,False,2023-06-01
3130220,등마루시장,R,전통시장,11500,강서구,11500520,등촌1동,187585.0,450820.0,126.85949272936655,37.556822556049006,14496.0,1.4496,False,2023-06-01
3130221,"남부골목시장(남부화곡시장, 남부시장)",R,전통시장,11500,강서구,11500570,화곡4동,187694.0,448184.0,126.860770515007,37.53307374769632,81027.0,8.1027,False,2023-06-01
3130222,오류시장,R,전통시장,11530,구로구,11530770,오류1동,186135.0,444133.0,126.84320850019262,37.49655210641502,20163.0,2.0163,False,2023-06-01
3130223,고척근린시장,R,전통시장,11530,구로구,11530730,고척2동,186721.0,444751.0,126.84982407297812,37.50212891490156,29145.0,2.9145,False,2023-06-01
3130224,개봉프라자(고척근린시장),R,전통시장,11530,구로구,11530730,고척2동,186837.0,444739.0,126.85113616002756,37.502022455036055,2954.0,0.2954,False,2023-06-01
3130225,개봉중앙시장,R,전통시장,11530,구로구,11530750,개봉2동,187149.0,443562.0,126.85468518986,37.491422035017166,79713.0,7.9713,False,2023-06-01
3130226,고척프라자,R,전통시장,11530,구로구,11530720,고척1동,187873.0,444929.0,126.86284939392662,37.50374854445812,6013.0,0.6013,False,2023-06-01
3130227,고척골목시장상점가(그라운드 고척),R,전통시장,11530,구로구,11530720,고척1동,187952.0,444881.0,126.8637436300194,37.503317096946084,17693.0,1.7693,False,2023-06-01
3130228,구로시장,R,전통시장,11530,구로구,11530550,구로4동,189872.0,443283.0,126.88547973715347,37.488942088998904,13770.0,1.377,False,2023-06-01
3130229,남구로시장,R,전통시장,11530,구로구,11530550,구로4동,189966.0,443409.0,126.88654090369826,37.490078382001656,45490.0,4.549,False,2023-06-01
3130230,가리봉시장,R,전통시장,11530,구로구,11530595,가리봉동,190201.0,442473.0,126.88921060762556,37.48164748225027,20139.0,2.0139,False,2023-06-01
3130231,독산동 우시장,R,전통시장,11545,금천구,11545610,독산1동,190847.0,440814.0,126.89653500499345,37.466706372441564,63392.0,6.3392,False,2023-06-01
3130232,독산동 맛나는거리상점가(독산동 맛나는거리),R,전통시장,11545,금천구,11545640,독산4동,191176.0,441096.0,126.90025062119791,37.46925041736652,29410.0,2.941,False,2023-06-01
3130233,남문시장,R,전통시장,11545,금천구,11545630,독산3동,191247.0,441612.0,126.90104709862231,37.4739002992373,48355.0,4.8355,False,2023-06-01
3130234,푸른터시장(기능상실),R,전통시장,11545,금천구,11545630,독산3동,191277.0,442035.0,126.90138124105925,37.47771184866716,6342.0,0.6342,False,2023-06-01
3130235,대명여울빛거리시장(대명시장),R,전통시장,11545,금천구,11545670,시흥1동,191342.0,439355.0,126.90214758052576,37.453565390091825,51350.0,5.135,False,2023-06-01
3130236,비단길현대시장(현대시장),R,전통시장,11545,금천구,11545670,시흥1동,191404.0,439747.0,126.902843732767,37.45709793388076,71349.0,7.1349,False,2023-06-01
3130237,박미시장(기능상실),R,전통시장,11545,금천구,11545690,시흥3동,191603.0,437869.0,126.90511430095651,37.44017874232969,7798.0,0.7798,False,2023-06-01
3130238,은행나무시장,R,전통시장,11545,금천구,11545710,시흥5동,192025.0,439150.0,126.90986903036912,37.45172445418484,36517.0,3.6517,False,2023-06-01
3130239,양남시장,R,전통시장,11560,영등포구,11560610,양평1동,190381.0,447047.0,126.89118592695098,37.52286130294358,2975.0,0.2975,False,2023-06-01
3130240,영등포유통상가,R,전통시장,11560,영등포구,11560550,당산1동,190643.0,447018.0,126.89415014284963,37.522602706061505,47667.0,4.7667,False,2023-06-01
3130241,선유도역 골목형상점가,R,전통시장,11560,영등포구,11560620,양평2동,190776.0,448469.0,126.8956364729005,37.53567755734914,73950.0,7.395,False,2023-06-01
3130242,대림중앙 골목형상점가,R,전통시장,11560,영등포구,11560710,대림2동,191020.0,443257.0,126.89846080667883,37.48871969674891,19474.0,1.9474,False,2023-06-01
3130243,도림시장,R,전통시장,11560,영등포구,11560585,도림동,191026.0,445598.0,126.89850010439038,37.50981227789408,5598.0,0.5598,False,2023-06-01
3130244,대림중앙시장,R,전통시장,11560,영등포구,11560710,대림2동,191108.0,443509.0,126.89945280078425,37.49099108357956,47326.0,4.7326,False,2023-06-01
3130245,영일시장,R,전통시장,11560,영등포구,11560605,문래동,191222.0,446445.0,126.90070683793381,37.517445654724945,60601.0,6.0601,False,2023-06-01
3130246,영등포청과시장(조광시장),R,전통시장,11560,영등포구,11560550,당산1동,191260.0,446913.0,126.90113111439297,37.52166270367115,96522.0,9.6522,False,2023-06-01
3130247,우리시장,R,전통시장,11560,영등포구,11560700,대림1동,191589.0,444148.0,126.90488444933698,37.49675301446818,16285.0,1.6285,False,2023-06-01
3130248,영등포역지하도상점가,R,전통시장,11560,영등포구,11560515,영등포본동,191565.0,446096.0,126.90459071258255,37.5143043541098,154926.0,15.4926,False,2023-06-01
3130249,동남상가,R,전통시장,11560,영등포구,11560535,영등포동,191659.0,446794.0,126.90564603838413,37.52059420374461,1854.0,0.1854,False,2023-06-01
3130250,삼구시장(로타리상가),R,전통시장,11560,영등포구,11560535,영등포동,191658.0,446738.0,126.90563536175526,37.520089633704956,5729.0,0.5729,False,2023-06-01
3130253,영신상가(제일상가),R,전통시장,11560,영등포구,11560535,영등포동,191746.0,446714.0,126.90663108529237,37.51987418437927,5196.0,0.5196,False,2023-06-01
3130254,남서울상가,R,전통시장,11560,영등포구,11560535,영등포동,191773.0,446763.0,126.90693595950685,37.52031591633839,3391.0,0.3391,False,2023-06-01
3130255,영등포전통시장,R,전통시장,11560,영등포구,11560535,영등포동,191885.0,446846.0,126.90820198877555,37.521064739316216,55174.0,5.5174,False,2023-06-01
3130256,신동시장,R,전통시장,11560,영등포구,11560650,신길3동,191932.0,445186.0,126.90875186977328,37.506108503169685,4593.0,0.4593,False,2023-06-01
3130257,영등포시장기계공구상가,R,전통시장,11560,영등포구,11560535,영등포동,192049.0,446670.0,126.9100590809627,37.519480403281804,39289.0,3.9289,False,2023-06-01
3130258,영진시장A동,R,전통시장,11560,영등포구,11560680,신길6동,192568.0,444551.0,126.91595136136614,37.50039246099166,6326.0,0.6326,False,2023-06-01
3130259,대신시장,R,전통시장,11560,영등포구,11560630,신길1동,192707.0,445752.0,126.9175114082889,37.51121463061321,8116.0,0.8116,False,2023-06-01
3130260,신대방1동골목상권,R,전통시장,11590,동작구,11590670,신대방1동,191941.0,443427.0,126.90887291955025,37.49025989922015,21868.0,2.1868,False,2023-06-01
3130261,성대전통시장(성대시장),R,전통시장,11590,동작구,11590550,상도3동,193904.0,444409.0,126.9310613775802,37.499122816598614,53092.0,5.3092,False,2023-06-01
3130262,상도도깨비 골목형상점가,R,전통시장,11590,동작구,11590540,상도2동,194442.0,444884.0,126.93714193649922,37.50340598601218,23166.0,2.3166,False,2023-06-01
3130263,신노량진시장(기능상실),R,전통시장,11590,동작구,11590520,노량진2동,194649.0,445465.0,126.93947877084652,37.50864204583542,13242.0,1.3242,False,2023-06-01
3130264,상도약수골목형상점가,R,전통시장,11590,동작구,11590560,상도4동,195047.0,444141.0,126.9439891665277,37.49671495646179,15512.0,1.5512,False,2023-06-01
3130265,노량진중앙시장,R,전통시장,11590,동작구,11590510,노량진1동,195104.0,445890.0,126.94462211025503,37.51247383778705,10864.0,1.0864,False,2023-06-01
3130266,만양로상점가,R,전통시장,11590,동작구,11590510,노량진1동,195116.0,445792.0,126.94475849109266,37.51159091755482,4662.0,0.4662,False,2023-06-01
3130267,본동인정시장(기능상실),R,전통시장,11590,동작구,11590510,노량진1동,195675.0,445816.0,126.95108103475154,37.51180994624189,24321.0,2.4321,False,2023-06-01
3130268,상도전통시장,R,전통시장,11590,동작구,11590530,상도1동,195763.0,444418.0,126.95208443092467,37.49921430482888,48100.0,4.81,False,2023-06-01
3130269,강남시장(동작구 강남시장),R,전통시장,11590,동작구,11590530,상도1동,195879.0,444165.0,126.95339767295968,37.49693528414094,2889.0,0.2889,False,2023-06-01
3130270,흑석시장,R,전통시장,11590,동작구,11590605,흑석동,196718.0,445267.0,126.96288058702287,37.50686772811305,2989.0,0.2989,False,2023-06-01
3130271,남성역골목시장,R,전통시장,11590,동작구,11590650,사당4동,197564.0,442670.0,126.97245743842448,37.48347120174855,29047.0,2.9047,False,2023-06-01
3130272,사당시장,R,전통시장,11590,동작구,11590650,사당4동,197803.0,442619.0,126.97515983670219,37.483012286389275,5844.0,0.5844,False,2023-06-01
3130273,남성사계시장(남성시장),R,전통시장,11590,동작구,11590630,사당2동,198271.0,443197.0,126.98044987510077,37.48822110818006,43008.0,4.3008,False,2023-06-01
3130274,사당1동먹자골목상점가(사당1동먹자골목),R,전통시장,11590,동작구,11590620,사당1동,198283.0,442093.0,126.98058813497978,37.47827399522047,40304.0,4.0304,False,2023-06-01
3130275,강남골목시장,R,전통시장,11620,관악구,11620725,조원동,191590.0,442605.0,126.9049133821317,37.48285049419049,14823.0,1.4823,False,2023-06-01
3130276,신림중앙시장(조원동 펭귄시장),R,전통시장,11620,관악구,11620725,조원동,192184.0,442657.0,126.91162880976637,37.48332423221204,7150.0,0.715,False,2023-06-01
3130277,조원동 펭귄시장(신림중앙시장),R,전통시장,11620,관악구,11620725,조원동,192141.0,442580.0,126.91114345468024,37.48263009169061,32672.0,3.2672,False,2023-06-01
3130278,미성동 도깨비시장 골목형상점가,R,전통시장,11620,관악구,11620765,미성동,192599.0,441665.0,126.9163309465258,37.47438964528146,24874.0,2.4874,False,2023-06-01
3130279,관악신사시장,R,전통시장,11620,관악구,11620685,신사동,192640.0,442964.0,126.91678147647713,37.486094069019934,49986.0,4.9986,False,2023-06-01
3130280,신림종합시장,R,전통시장,11620,관악구,11620685,신사동,192702.0,442782.0,126.91748430496808,37.48445472717172,8761.0,0.8761,False,2023-06-01
3130281,우림시장,R,전통시장,11620,관악구,11620775,난곡동,192959.0,441201.0,126.9204052125529,37.470211772994006,6466.0,0.6466,False,2023-06-01
3130282,난곡 골목형상점가,R,전통시장,11620,관악구,11620775,난곡동,192987.0,441112.0,126.92072258435957,37.46941008698749,11565.0,1.1565,False,2023-06-01
3130283,신원시장,R,전통시장,11620,관악구,11620655,신원동,193546.0,442582.0,126.92702883522274,37.482658990650805,26568.0,2.6568,False,2023-06-01
3130284,관악종합시장(신원시장),R,전통시장,11620,관악구,11620655,신원동,193636.0,442462.0,126.92804744253642,37.48157840494948,2721.0,0.2721,False,2023-06-01
3130285,서원동상점가,R,전통시장,11620,관악구,11620645,서원동,193691.0,442612.0,126.9286679974193,37.482930294208465,60026.0,6.0026,False,2023-06-01
3130286,신신림시장(삼성동시장),R,전통시장,11620,관악구,11620745,삼성동,194000.0,441260.0,126.93217267938803,37.47075070967145,4126.0,0.4126,False,2023-06-01
3130287,삼성동 시장(삼성동시장),R,전통시장,11620,관악구,11620745,삼성동,194010.0,441203.0,126.93228618812452,37.47023719880277,13340.0,1.334,False,2023-06-01
3130288,신림현대종합상가,R,전통시장,11620,관악구,11620665,서림동,194165.0,441693.0,126.93403450098931,37.4746531376189,3964.0,0.3964,False,2023-06-01
3130289,봉일시장,R,전통시장,11620,관악구,11620605,은천동,194553.0,442944.0,126.93841164295752,37.485927122798195,4844.0,0.4844,False,2023-06-01
3130290,영림시장,R,전통시장,11620,관악구,11620595,청룡동,194966.0,442472.0,126.94308459174631,37.481676706252436,72197.0,7.2197,False,2023-06-01
3130291,봉천제일종합시장,R,전통시장,11620,관악구,11620595,청룡동,195085.0,442420.0,126.94443037587519,37.481208822262985,3079.0,0.3079,False,2023-06-01
3130292,봉천현대시장,R,전통시장,11620,관악구,11620605,은천동,195277.0,443011.0,126.94659736185338,37.48653478173457,5418.0,0.5418,False,2023-06-01
3130293,봉천중앙시장,R,전통시장,11620,관악구,11620615,중앙동,195973.0,442762.0,126.95446834536877,37.484294566615084,17101.0,1.7101,False,2023-06-01
3130294,관악중부시장,R,전통시장,11620,관악구,11620575,행운동,196125.0,442778.0,126.95618686302687,37.48443937773671,27900.0,2.79,False,2023-06-01
3130295,인헌시장(원당종합시장),R,전통시장,11620,관악구,11620625,인헌동,196979.0,441661.0,126.96584729199391,37.47437829202619,42171.0,4.2171,False,2023-06-01
3130296,남부종합시장,R,전통시장,11650,서초구,11650590,방배본동,198664.0,443924.0,126.98489227985212,37.49477208369349,6658.0,0.6658,False,2023-06-01
3130301,양재시장,R,전통시장,11650,서초구,11650651,양재1동,203426.0,442741.0,127.03873629540773,37.4841077781559,8409.0,0.8409,False,2023-06-01
3130302,강남시장(강남구 강남시장),R,전통시장,11680,강남구,11680510,신사동,201828.0,446589.0,127.0206779633479,37.518783025270686,3961.0,0.3961,False,2023-06-01
3130303,영동전통시장,R,전통시장,11680,강남구,11680521,논현1동,202138.0,445525.0,127.02418152660442,37.509195677742355,39097.0,3.9097,False,2023-06-01
3130304,신사상가,R,전통시장,11680,강남구,11680545,압구정동,202510.0,448092.0,127.028397740329,37.53232348439198,2739.0,0.2739,False,2023-06-01
3130305,논현종합시장,R,전통시장,11680,강남구,11680531,논현2동,203038.0,445603.0,127.03436116161215,37.50989593879045,6787.0,0.6787,False,2023-06-01
3130306,강남언주로,R,전통시장,11680,강남구,11680640,역삼1동,203794.0,445045.0,127.0429089856515,37.504865535470124,22922.0,2.2922,False,2023-06-01
3130307,도곡시장,R,전통시장,11680,강남구,11680650,역삼2동,204573.0,444284.0,127.05171450644173,37.498005354513566,7462.0,0.7462,False,2023-06-01
3130308,청담삼익시장,R,전통시장,11680,강남구,11680565,청담동,205090.0,446987.0,127.05757978634381,37.52235679163156,7529.0,0.7529,False,2023-06-01
3130309,은마종합상점가,R,전통시장,11680,강남구,11680610,대치2동,205628.0,444032.0,127.0636432107266,37.495728994098016,30661.0,3.0661,False,2023-06-01
3130310,강남개포시장,R,전통시장,11680,강남구,11680670,개포2동,205978.0,443274.0,127.0675949643659,37.48889716500763,25364.0,2.5364,False,2023-06-01
3130311,새마을시장,R,전통시장,11710,송파구,11710650,잠실본동,207534.0,445500.0,127.08521187520344,37.50894216653691,79375.0,7.9375,False,2023-06-01
3130312,석촌시장,R,전통시장,11710,송파구,11710600,석촌동,209466.0,444551.0,127.10705115305112,37.500373855679214,46711.0,4.6711,False,2023-06-01
3130313,방이시장,R,전통시장,11710,송파구,11710562,방이2동,210214.0,445738.0,127.11552676175971,37.511060797717654,143645.0,14.3645,False,2023-06-01
3130314,풍납시장,R,전통시장,11710,송파구,11710510,풍납1동,210613.0,448663.0,127.12008192690001,37.5374105604423,120813.0,12.0813,False,2023-06-01
3130315,문정동 로데오거리 상점가(문정동 로데오거리),R,전통시장,11710,송파구,11710620,가락본동,210897.0,443396.0,127.1232172257124,37.48995147686824,75829.0,7.5829,False,2023-06-01
3130316,마천시장,R,전통시장,11710,송파구,11710550,마천2동,213305.0,444320.0,127.15046217507276,37.49824521787694,9557.0,0.9557,False,2023-06-01
3130317,마천중앙시장,R,전통시장,11710,송파구,11710550,마천2동,213364.0,444298.0,127.15112898643059,37.498046145479655,33745.0,3.3745,False,2023-06-01
3130318,로데오거리상점가,R,전통시장,11740,강동구,11740610,천호2동,211228.0,448860.0,127.12704340647147,37.53917824585923,56564.0,5.6564,False,2023-06-01
3130319,성내전통시장,R,전통시장,11740,강동구,11740650,성내2동,211269.0,448247.0,127.12749791159794,37.53365462616647,31651.0,3.1651,False,2023-06-01
3130320,암사종합시장,R,전통시장,11740,강동구,11740570,암사1동,211408.0,450161.0,127.12910029175127,37.55089800745941,37201.0,3.7201,False,2023-06-01
3130321,장신구 특화거리 상점가,R,전통시장,11740,강동구,11740640,성내1동,211418.0,447594.0,127.12917355272552,37.52776926979673,38487.0,3.8487,False,2023-06-01
3130322,고분다리전통시장,R,전통시장,11740,강동구,11740620,천호3동,211771.0,449208.0,127.13319294571815,37.54230694738244,20499.0,2.0499,False,2023-06-01
3130323,둔촌역전통시장,R,전통시장,11740,강동구,11740660,성내3동,211868.0,447599.0,127.13426453864905,37.527808641903434,36613.0,3.6613,False,2023-06-01
3130324,길동복조리시장,R,전통시장,11740,강동구,11740685,길동,212690.0,448844.0,127.14358543114463,37.53901513112776,29464.0,2.9464,False,2023-06-01
3130325,명일전통시장,R,전통시장,11740,강동구,11740530,명일1동,212839.0,449976.0,127.1452911308689,37.54921234930101,27547.0,2.7547,False,2023-06-01
3130326,고덕 골목형상점가,R,전통시장,11740,강동구,11740560,고덕2동,215010.0,450928.0,127.16987839034243,37.557757026543456,29082.0,2.9082,False,2023-06-01
3130327,"평화시장(남평화시장, 제일평화시장, 신평화패션타운)",R,전통시장,11140,중구,11140615,신당동,200994.0,452152.0,127.01125145580323,37.568906896892244,36213.0,3.6213,False,2023-06-01
